datetime,open,high,low,close,volume,average,barCount
2025-08-18 17:15:00-04:00,1.166175,1.166185,1.16617,1.16617,-1.0,-1.0,-1
2025-08-18 17:16:00-04:00,1.16617,1.16622,1.16617,1.16622,-1.0,-1.0,-1
2025-08-18 17:17:00-04:00,1.16622,1.16622,1.1662,1.1662,-1.0,-1.0,-1
2025-08-18 17:18:00-04:00,1.1662,1.1662,1.1662,1.1662,-1.0,-1.0,-1
2025-08-18 17:19:00-04:00,1.1662,1.1662,1.1662,1.1662,-1.0,-1.0,-1
2025-08-18 17:20:00-04:00,1.1662,1.1662,1.1662,1.1662,-1.0,-1.0,-1
2025-08-18 17:21:00-04:00,1.1662,1.1662,1.1662,1.1662,-1.0,-1.0,-1
2025-08-18 17:22:00-04:00,1.1662,1.1662,1.1662,1.1662,-1.0,-1.0,-1
2025-08-18 17:23:00-04:00,1.1662,1.1662,1.1662,1.1662,-1.0,-1.0,-1
2025-08-18 17:24:00-04:00,1.1662,1.1662,1.1662,1.1662,-1.0,-1.0,-1
2025-08-18 17:25:00-04:00,1.1662,1.1662,1.1662,1.1662,-1.0,-1.0,-1
2025-08-18 17:26:00-04:00,1.1662,1.1662,1.1662,1.1662,-1.0,-1.0,-1
2025-08-18 17:27:00-04:00,1.1662,1.1662,1.1662,1.1662,-1.0,-1.0,-1
2025-08-18 17:28:00-04:00,1.1662,1.1662,1.1662,1.1662,-1.0,-1.0,-1
2025-08-18 17:29:00-04:00,1.1662,1.1662,1.1662,1.1662,-1.0,-1.0,-1
2025-08-18 17:30:00-04:00,1.1662,1.16623,1.1662,1.16621,-1.0,-1.0,-1
2025-08-18 17:31:00-04:00,1.16621,1.166225,1.166205,1.166205,-1.0,-1.0,-1
2025-08-18 17:32:00-04:00,1.166205,1.16622,1.166205,1.16622,-1.0,-1.0,-1
2025-08-18 17:33:00-04:00,1.16622,1.16622,1.166205,1.166205,-1.0,-1.0,-1
2025-08-18 17:34:00-04:00,1.166205,1.16621,1.166175,1.166175,-1.0,-1.0,-1
2025-08-18 17:35:00-04:00,1.166175,1.166175,1.166165,1.166175,-1.0,-1.0,-1
2025-08-18 17:36:00-04:00,1.166175,1.166195,1.166165,1.166185,-1.0,-1.0,-1
2025-08-18 17:37:00-04:00,1.166185,1.16619,1.16618,1.16619,-1.0,-1.0,-1
2025-08-18 17:38:00-04:00,1.16619,1.16619,1.16619,1.16619,-1.0,-1.0,-1
2025-08-18 17:39:00-04:00,1.16619,1.16619,1.16614,1.16616,-1.0,-1.0,-1
2025-08-18 17:40:00-04:00,1.16616,1.16616,1.166135,1.16614,-1.0,-1.0,-1
2025-08-18 17:41:00-04:00,1.16614,1.16614,1.16614,1.16614,-1.0,-1.0,-1
2025-08-18 17:42:00-04:00,1.16614,1.16614,1.166135,1.166135,-1.0,-1.0,-1
2025-08-18 17:43:00-04:00,1.166135,1.166135,1.166135,1.166135,-1.0,-1.0,-1
2025-08-18 17:44:00-04:00,1.166135,1.166135,1.16613,1.16613,-1.0,-1.0,-1
2025-08-18 17:45:00-04:00,1.16613,1.16616,1.166125,1.16616,-1.0,-1.0,-1
2025-08-18 17:46:00-04:00,1.16616,1.16616,1.16616,1.16616,-1.0,-1.0,-1
2025-08-18 17:47:00-04:00,1.16616,1.16616,1.16615,1.16615,-1.0,-1.0,-1
2025-08-18 17:48:00-04:00,1.16615,1.16616,1.16615,1.16616,-1.0,-1.0,-1
2025-08-18 17:49:00-04:00,1.16616,1.16616,1.16615,1.16615,-1.0,-1.0,-1
2025-08-18 17:50:00-04:00,1.16615,1.16615,1.16615,1.16615,-1.0,-1.0,-1
2025-08-18 17:51:00-04:00,1.16615,1.16615,1.16612,1.16612,-1.0,-1.0,-1
2025-08-18 17:52:00-04:00,1.16612,1.16612,1.16612,1.16612,-1.0,-1.0,-1
2025-08-18 17:53:00-04:00,1.16612,1.166135,1.16611,1.166125,-1.0,-1.0,-1
2025-08-18 17:54:00-04:00,1.166125,1.166125,1.166125,1.166125,-1.0,-1.0,-1
2025-08-18 17:55:00-04:00,1.166125,1.166125,1.166125,1.166125,-1.0,-1.0,-1
2025-08-18 17:56:00-04:00,1.166125,1.166125,1.166105,1.166105,-1.0,-1.0,-1
2025-08-18 17:57:00-04:00,1.166105,1.166145,1.166105,1.166145,-1.0,-1.0,-1
2025-08-18 17:58:00-04:00,1.166145,1.166145,1.16614,1.166145,-1.0,-1.0,-1
2025-08-18 17:59:00-04:00,1.166145,1.166205,1.16614,1.1662,-1.0,-1.0,-1
2025-08-18 18:00:00-04:00,1.1662,1.16625,1.166095,1.166145,-1.0,-1.0,-1
2025-08-18 18:01:00-04:00,1.166145,1.16632,1.1661,1.16631,-1.0,-1.0,-1
2025-08-18 18:02:00-04:00,1.16631,1.16638,1.166175,1.166185,-1.0,-1.0,-1
2025-08-18 18:03:00-04:00,1.166185,1.166215,1.166145,1.16618,-1.0,-1.0,-1
2025-08-18 18:04:00-04:00,1.16618,1.16655,1.16614,1.166545,-1.0,-1.0,-1
2025-08-18 18:05:00-04:00,1.166545,1.167025,1.166545,1.166965,-1.0,-1.0,-1
2025-08-18 18:06:00-04:00,1.166965,1.16704,1.166875,1.167025,-1.0,-1.0,-1
2025-08-18 18:07:00-04:00,1.167025,1.16727,1.167,1.16725,-1.0,-1.0,-1
2025-08-18 18:08:00-04:00,1.16725,1.16751,1.16725,1.16738,-1.0,-1.0,-1
2025-08-18 18:09:00-04:00,1.16738,1.1674,1.167225,1.16734,-1.0,-1.0,-1
2025-08-18 18:10:00-04:00,1.16734,1.167385,1.16728,1.16735,-1.0,-1.0,-1
2025-08-18 18:11:00-04:00,1.16735,1.16737,1.16733,1.16735,-1.0,-1.0,-1
2025-08-18 18:12:00-04:00,1.16735,1.16742,1.16735,1.167415,-1.0,-1.0,-1
2025-08-18 18:13:00-04:00,1.167415,1.167425,1.16738,1.16742,-1.0,-1.0,-1
2025-08-18 18:14:00-04:00,1.16742,1.16747,1.16724,1.16729,-1.0,-1.0,-1
2025-08-18 18:15:00-04:00,1.16729,1.167305,1.16721,1.167265,-1.0,-1.0,-1
2025-08-18 18:16:00-04:00,1.167265,1.167265,1.167115,1.167115,-1.0,-1.0,-1
2025-08-18 18:17:00-04:00,1.167115,1.167115,1.166975,1.167055,-1.0,-1.0,-1
2025-08-18 18:18:00-04:00,1.167055,1.16709,1.16702,1.16706,-1.0,-1.0,-1
2025-08-18 18:19:00-04:00,1.16706,1.16706,1.16691,1.166915,-1.0,-1.0,-1
2025-08-18 18:20:00-04:00,1.166915,1.16693,1.16682,1.16693,-1.0,-1.0,-1
2025-08-18 18:21:00-04:00,1.16693,1.16693,1.166835,1.166835,-1.0,-1.0,-1
2025-08-18 18:22:00-04:00,1.166835,1.166835,1.166635,1.16664,-1.0,-1.0,-1
2025-08-18 18:23:00-04:00,1.16664,1.16672,1.166635,1.16667,-1.0,-1.0,-1
2025-08-18 18:24:00-04:00,1.16667,1.167015,1.16667,1.166915,-1.0,-1.0,-1
2025-08-18 18:25:00-04:00,1.166915,1.16695,1.166885,1.166915,-1.0,-1.0,-1
2025-08-18 18:26:00-04:00,1.166915,1.16693,1.166905,1.16693,-1.0,-1.0,-1
2025-08-18 18:27:00-04:00,1.16693,1.166935,1.166775,1.1668,-1.0,-1.0,-1
2025-08-18 18:28:00-04:00,1.1668,1.16693,1.1668,1.1669,-1.0,-1.0,-1
2025-08-18 18:29:00-04:00,1.1669,1.166925,1.16687,1.16687,-1.0,-1.0,-1
2025-08-18 18:30:00-04:00,1.16687,1.16689,1.16687,1.16689,-1.0,-1.0,-1
2025-08-18 18:31:00-04:00,1.16689,1.16689,1.16687,1.16687,-1.0,-1.0,-1
2025-08-18 18:32:00-04:00,1.16687,1.16687,1.16666,1.16666,-1.0,-1.0,-1
2025-08-18 18:33:00-04:00,1.16666,1.16671,1.16664,1.166695,-1.0,-1.0,-1
2025-08-18 18:34:00-04:00,1.166695,1.16675,1.166695,1.16674,-1.0,-1.0,-1
2025-08-18 18:35:00-04:00,1.16674,1.166745,1.166735,1.166745,-1.0,-1.0,-1
2025-08-18 18:36:00-04:00,1.166745,1.166865,1.16673,1.166855,-1.0,-1.0,-1
2025-08-18 18:37:00-04:00,1.166855,1.166855,1.16683,1.16683,-1.0,-1.0,-1
2025-08-18 18:38:00-04:00,1.16683,1.16686,1.166785,1.166855,-1.0,-1.0,-1
2025-08-18 18:39:00-04:00,1.166855,1.166875,1.166805,1.166835,-1.0,-1.0,-1
2025-08-18 18:40:00-04:00,1.166835,1.166835,1.166815,1.166815,-1.0,-1.0,-1
2025-08-18 18:41:00-04:00,1.166815,1.16682,1.166815,1.16682,-1.0,-1.0,-1
2025-08-18 18:42:00-04:00,1.16682,1.16682,1.16675,1.16675,-1.0,-1.0,-1
2025-08-18 18:43:00-04:00,1.16675,1.16678,1.166745,1.16678,-1.0,-1.0,-1
2025-08-18 18:44:00-04:00,1.16678,1.166815,1.16678,1.166805,-1.0,-1.0,-1
2025-08-18 18:45:00-04:00,1.166805,1.166815,1.1668,1.1668,-1.0,-1.0,-1
2025-08-18 18:46:00-04:00,1.1668,1.16682,1.166755,1.166755,-1.0,-1.0,-1
2025-08-18 18:47:00-04:00,1.166755,1.16678,1.166745,1.16678,-1.0,-1.0,-1
2025-08-18 18:48:00-04:00,1.16678,1.16684,1.166765,1.166815,-1.0,-1.0,-1
2025-08-18 18:49:00-04:00,1.166815,1.16691,1.16681,1.166895,-1.0,-1.0,-1
2025-08-18 18:50:00-04:00,1.166895,1.166925,1.166895,1.166915,-1.0,-1.0,-1
2025-08-18 18:51:00-04:00,1.166915,1.166915,1.166835,1.16685,-1.0,-1.0,-1
2025-08-18 18:52:00-04:00,1.16685,1.16687,1.166815,1.16685,-1.0,-1.0,-1
2025-08-18 18:53:00-04:00,1.16685,1.16686,1.166845,1.166845,-1.0,-1.0,-1
2025-08-18 18:54:00-04:00,1.166845,1.166865,1.1668,1.166805,-1.0,-1.0,-1
2025-08-18 18:55:00-04:00,1.166805,1.166885,1.1668,1.166885,-1.0,-1.0,-1
2025-08-18 18:56:00-04:00,1.166885,1.166905,1.166865,1.166905,-1.0,-1.0,-1
2025-08-18 18:57:00-04:00,1.166905,1.166985,1.166875,1.166985,-1.0,-1.0,-1
2025-08-18 18:58:00-04:00,1.166985,1.16699,1.16689,1.1669,-1.0,-1.0,-1
2025-08-18 18:59:00-04:00,1.1669,1.16696,1.16682,1.16696,-1.0,-1.0,-1
2025-08-18 19:00:00-04:00,1.16696,1.166975,1.166765,1.166845,-1.0,-1.0,-1
2025-08-18 19:01:00-04:00,1.166845,1.166845,1.166825,1.16683,-1.0,-1.0,-1
2025-08-18 19:02:00-04:00,1.16683,1.16683,1.166755,1.166755,-1.0,-1.0,-1
2025-08-18 19:03:00-04:00,1.166755,1.166755,1.16662,1.16666,-1.0,-1.0,-1
2025-08-18 19:04:00-04:00,1.16666,1.16671,1.16662,1.16668,-1.0,-1.0,-1
2025-08-18 19:05:00-04:00,1.16668,1.16675,1.16668,1.16675,-1.0,-1.0,-1
2025-08-18 19:06:00-04:00,1.16675,1.166755,1.166745,1.166755,-1.0,-1.0,-1
2025-08-18 19:07:00-04:00,1.166755,1.16676,1.16675,1.166755,-1.0,-1.0,-1
2025-08-18 19:08:00-04:00,1.166755,1.16682,1.16671,1.166725,-1.0,-1.0,-1
2025-08-18 19:09:00-04:00,1.166725,1.16673,1.16665,1.1667,-1.0,-1.0,-1
2025-08-18 19:10:00-04:00,1.1667,1.16672,1.16664,1.16666,-1.0,-1.0,-1
2025-08-18 19:11:00-04:00,1.16666,1.166665,1.16655,1.166565,-1.0,-1.0,-1
2025-08-18 19:12:00-04:00,1.166565,1.16657,1.16651,1.16652,-1.0,-1.0,-1
2025-08-18 19:13:00-04:00,1.16652,1.166525,1.16643,1.16647,-1.0,-1.0,-1
2025-08-18 19:14:00-04:00,1.16647,1.16651,1.16647,1.16648,-1.0,-1.0,-1
2025-08-18 19:15:00-04:00,1.16648,1.16648,1.166435,1.166435,-1.0,-1.0,-1
2025-08-18 19:16:00-04:00,1.166435,1.166435,1.16627,1.16628,-1.0,-1.0,-1
2025-08-18 19:17:00-04:00,1.16628,1.16643,1.16628,1.166425,-1.0,-1.0,-1
2025-08-18 19:18:00-04:00,1.166425,1.166455,1.166345,1.166455,-1.0,-1.0,-1
2025-08-18 19:19:00-04:00,1.166455,1.16648,1.166455,1.16648,-1.0,-1.0,-1
2025-08-18 19:20:00-04:00,1.16648,1.16648,1.16647,1.16648,-1.0,-1.0,-1
2025-08-18 19:21:00-04:00,1.16648,1.16648,1.166385,1.166415,-1.0,-1.0,-1
2025-08-18 19:22:00-04:00,1.166415,1.166475,1.166405,1.166475,-1.0,-1.0,-1
2025-08-18 19:23:00-04:00,1.166475,1.166535,1.16647,1.166505,-1.0,-1.0,-1
2025-08-18 19:24:00-04:00,1.166505,1.166545,1.16649,1.16653,-1.0,-1.0,-1
2025-08-18 19:25:00-04:00,1.16653,1.166535,1.16651,1.166515,-1.0,-1.0,-1
2025-08-18 19:26:00-04:00,1.166515,1.166525,1.166505,1.166505,-1.0,-1.0,-1
2025-08-18 19:27:00-04:00,1.166505,1.16651,1.166395,1.16642,-1.0,-1.0,-1
2025-08-18 19:28:00-04:00,1.16642,1.166485,1.166405,1.16647,-1.0,-1.0,-1
2025-08-18 19:29:00-04:00,1.16647,1.166475,1.166465,1.166475,-1.0,-1.0,-1
2025-08-18 19:30:00-04:00,1.166475,1.16649,1.16647,1.16647,-1.0,-1.0,-1
2025-08-18 19:31:00-04:00,1.16647,1.16647,1.166305,1.16633,-1.0,-1.0,-1
2025-08-18 19:32:00-04:00,1.16633,1.166365,1.166325,1.166325,-1.0,-1.0,-1
2025-08-18 19:33:00-04:00,1.166325,1.166365,1.16629,1.16629,-1.0,-1.0,-1
2025-08-18 19:34:00-04:00,1.16629,1.16629,1.16626,1.166285,-1.0,-1.0,-1
2025-08-18 19:35:00-04:00,1.166285,1.16629,1.166205,1.16627,-1.0,-1.0,-1
2025-08-18 19:36:00-04:00,1.16627,1.16629,1.166225,1.16626,-1.0,-1.0,-1
2025-08-18 19:37:00-04:00,1.16626,1.16634,1.16626,1.16627,-1.0,-1.0,-1
2025-08-18 19:38:00-04:00,1.16627,1.166285,1.16623,1.166285,-1.0,-1.0,-1
2025-08-18 19:39:00-04:00,1.166285,1.166285,1.166245,1.166285,-1.0,-1.0,-1
2025-08-18 19:40:00-04:00,1.166285,1.166345,1.166285,1.166335,-1.0,-1.0,-1
2025-08-18 19:41:00-04:00,1.166335,1.166435,1.16633,1.16643,-1.0,-1.0,-1
2025-08-18 19:42:00-04:00,1.16643,1.166465,1.16638,1.166455,-1.0,-1.0,-1
2025-08-18 19:43:00-04:00,1.166455,1.16653,1.166425,1.166515,-1.0,-1.0,-1
2025-08-18 19:44:00-04:00,1.166515,1.16652,1.16646,1.166485,-1.0,-1.0,-1
2025-08-18 19:45:00-04:00,1.166485,1.166565,1.16648,1.166565,-1.0,-1.0,-1
2025-08-18 19:46:00-04:00,1.166565,1.16667,1.166555,1.166665,-1.0,-1.0,-1
2025-08-18 19:47:00-04:00,1.166665,1.166785,1.166655,1.16677,-1.0,-1.0,-1
2025-08-18 19:48:00-04:00,1.16677,1.166825,1.16674,1.16677,-1.0,-1.0,-1
2025-08-18 19:49:00-04:00,1.16677,1.16679,1.16676,1.166775,-1.0,-1.0,-1
2025-08-18 19:50:00-04:00,1.166775,1.166845,1.16675,1.16684,-1.0,-1.0,-1
2025-08-18 19:51:00-04:00,1.16684,1.166855,1.166735,1.16674,-1.0,-1.0,-1
2025-08-18 19:52:00-04:00,1.16674,1.166815,1.166735,1.166815,-1.0,-1.0,-1
2025-08-18 19:53:00-04:00,1.166815,1.166885,1.166765,1.16687,-1.0,-1.0,-1
2025-08-18 19:54:00-04:00,1.16687,1.166875,1.166775,1.166785,-1.0,-1.0,-1
2025-08-18 19:55:00-04:00,1.166785,1.16684,1.16675,1.16675,-1.0,-1.0,-1
2025-08-18 19:56:00-04:00,1.16675,1.166795,1.166735,1.16679,-1.0,-1.0,-1
2025-08-18 19:57:00-04:00,1.16679,1.16679,1.166745,1.166765,-1.0,-1.0,-1
2025-08-18 19:58:00-04:00,1.166765,1.166795,1.166765,1.16679,-1.0,-1.0,-1
2025-08-18 19:59:00-04:00,1.16679,1.166805,1.16675,1.166795,-1.0,-1.0,-1
2025-08-18 20:00:00-04:00,1.166795,1.16686,1.166725,1.166775,-1.0,-1.0,-1
2025-08-18 20:01:00-04:00,1.166775,1.16679,1.16653,1.166625,-1.0,-1.0,-1
2025-08-18 20:02:00-04:00,1.166625,1.16668,1.16659,1.166675,-1.0,-1.0,-1
2025-08-18 20:03:00-04:00,1.166675,1.16668,1.16658,1.16658,-1.0,-1.0,-1
2025-08-18 20:04:00-04:00,1.16658,1.166585,1.166475,1.166475,-1.0,-1.0,-1
2025-08-18 20:05:00-04:00,1.166475,1.166595,1.166395,1.166395,-1.0,-1.0,-1
2025-08-18 20:06:00-04:00,1.166395,1.16651,1.16639,1.16647,-1.0,-1.0,-1
2025-08-18 20:07:00-04:00,1.16647,1.166595,1.16643,1.16657,-1.0,-1.0,-1
2025-08-18 20:08:00-04:00,1.16657,1.16659,1.16653,1.166535,-1.0,-1.0,-1
2025-08-18 20:09:00-04:00,1.166535,1.166645,1.166515,1.166645,-1.0,-1.0,-1
2025-08-18 20:10:00-04:00,1.166645,1.16677,1.166645,1.166725,-1.0,-1.0,-1
2025-08-18 20:11:00-04:00,1.166725,1.16688,1.166725,1.16687,-1.0,-1.0,-1
2025-08-18 20:12:00-04:00,1.16687,1.16698,1.16687,1.166885,-1.0,-1.0,-1
2025-08-18 20:13:00-04:00,1.166885,1.16694,1.16687,1.166875,-1.0,-1.0,-1
2025-08-18 20:14:00-04:00,1.166875,1.16689,1.16677,1.16687,-1.0,-1.0,-1
2025-08-18 20:15:00-04:00,1.16687,1.167015,1.166865,1.167005,-1.0,-1.0,-1
2025-08-18 20:16:00-04:00,1.167005,1.167005,1.166885,1.166885,-1.0,-1.0,-1
2025-08-18 20:17:00-04:00,1.166885,1.166885,1.16677,1.166775,-1.0,-1.0,-1
2025-08-18 20:18:00-04:00,1.166775,1.16681,1.16663,1.16668,-1.0,-1.0,-1
2025-08-18 20:19:00-04:00,1.16668,1.166745,1.166675,1.166735,-1.0,-1.0,-1
2025-08-18 20:20:00-04:00,1.166735,1.16674,1.166675,1.16673,-1.0,-1.0,-1
2025-08-18 20:21:00-04:00,1.16673,1.16673,1.166595,1.166635,-1.0,-1.0,-1
2025-08-18 20:22:00-04:00,1.166635,1.166675,1.166535,1.166615,-1.0,-1.0,-1
2025-08-18 20:23:00-04:00,1.166615,1.16664,1.16658,1.166615,-1.0,-1.0,-1
2025-08-18 20:24:00-04:00,1.166615,1.16662,1.166485,1.16656,-1.0,-1.0,-1
2025-08-18 20:25:00-04:00,1.16656,1.16656,1.166505,1.16652,-1.0,-1.0,-1
2025-08-18 20:26:00-04:00,1.16652,1.166575,1.16648,1.16655,-1.0,-1.0,-1
2025-08-18 20:27:00-04:00,1.16655,1.166685,1.16654,1.16665,-1.0,-1.0,-1
2025-08-18 20:28:00-04:00,1.16665,1.166705,1.16662,1.16666,-1.0,-1.0,-1
2025-08-18 20:29:00-04:00,1.16666,1.166705,1.1666,1.16661,-1.0,-1.0,-1
2025-08-18 20:30:00-04:00,1.16661,1.166625,1.166525,1.16656,-1.0,-1.0,-1
2025-08-18 20:31:00-04:00,1.16656,1.166575,1.16648,1.166495,-1.0,-1.0,-1
2025-08-18 20:32:00-04:00,1.166495,1.16658,1.16649,1.16653,-1.0,-1.0,-1
2025-08-18 20:33:00-04:00,1.16653,1.16664,1.16651,1.166625,-1.0,-1.0,-1
2025-08-18 20:34:00-04:00,1.166625,1.166625,1.16654,1.166585,-1.0,-1.0,-1
2025-08-18 20:35:00-04:00,1.166585,1.166595,1.16648,1.166485,-1.0,-1.0,-1
2025-08-18 20:36:00-04:00,1.166485,1.166575,1.166485,1.166575,-1.0,-1.0,-1
2025-08-18 20:37:00-04:00,1.166575,1.166575,1.166425,1.16646,-1.0,-1.0,-1
2025-08-18 20:38:00-04:00,1.16646,1.16648,1.16637,1.16637,-1.0,-1.0,-1
2025-08-18 20:39:00-04:00,1.16637,1.166375,1.16629,1.16629,-1.0,-1.0,-1
2025-08-18 20:40:00-04:00,1.16629,1.166355,1.16628,1.166305,-1.0,-1.0,-1
2025-08-18 20:41:00-04:00,1.166305,1.166325,1.16625,1.16625,-1.0,-1.0,-1
2025-08-18 20:42:00-04:00,1.16625,1.16625,1.166155,1.166165,-1.0,-1.0,-1
2025-08-18 20:43:00-04:00,1.166165,1.166165,1.166115,1.166125,-1.0,-1.0,-1
2025-08-18 20:44:00-04:00,1.166125,1.166155,1.16608,1.16614,-1.0,-1.0,-1
2025-08-18 20:45:00-04:00,1.16614,1.16627,1.166135,1.166245,-1.0,-1.0,-1
2025-08-18 20:46:00-04:00,1.166245,1.166265,1.16614,1.16614,-1.0,-1.0,-1
2025-08-18 20:47:00-04:00,1.16614,1.16617,1.166085,1.166105,-1.0,-1.0,-1
2025-08-18 20:48:00-04:00,1.166105,1.166185,1.166085,1.166085,-1.0,-1.0,-1
2025-08-18 20:49:00-04:00,1.166085,1.16609,1.166085,1.166085,-1.0,-1.0,-1
2025-08-18 20:50:00-04:00,1.166085,1.16609,1.16594,1.16594,-1.0,-1.0,-1
2025-08-18 20:51:00-04:00,1.16594,1.16598,1.165825,1.165825,-1.0,-1.0,-1
2025-08-18 20:52:00-04:00,1.165825,1.165855,1.16574,1.16585,-1.0,-1.0,-1
2025-08-18 20:53:00-04:00,1.16585,1.165935,1.16582,1.165835,-1.0,-1.0,-1
2025-08-18 20:54:00-04:00,1.165835,1.165835,1.165595,1.165595,-1.0,-1.0,-1
2025-08-18 20:55:00-04:00,1.165595,1.165735,1.165585,1.165685,-1.0,-1.0,-1
2025-08-18 20:56:00-04:00,1.165685,1.16571,1.165635,1.16566,-1.0,-1.0,-1
2025-08-18 20:57:00-04:00,1.16566,1.165765,1.165645,1.165725,-1.0,-1.0,-1
2025-08-18 20:58:00-04:00,1.165725,1.165835,1.165725,1.165805,-1.0,-1.0,-1
2025-08-18 20:59:00-04:00,1.165805,1.1659,1.16577,1.165855,-1.0,-1.0,-1
2025-08-18 21:00:00-04:00,1.165855,1.16599,1.165825,1.165935,-1.0,-1.0,-1
2025-08-18 21:01:00-04:00,1.165935,1.16614,1.16592,1.166135,-1.0,-1.0,-1
2025-08-18 21:02:00-04:00,1.166135,1.166205,1.16606,1.166095,-1.0,-1.0,-1
2025-08-18 21:03:00-04:00,1.166095,1.166125,1.16601,1.16612,-1.0,-1.0,-1
2025-08-18 21:04:00-04:00,1.16612,1.16619,1.166085,1.16616,-1.0,-1.0,-1
2025-08-18 21:05:00-04:00,1.16616,1.16617,1.16604,1.16611,-1.0,-1.0,-1
2025-08-18 21:06:00-04:00,1.16611,1.16623,1.16611,1.166225,-1.0,-1.0,-1
2025-08-18 21:07:00-04:00,1.166225,1.166225,1.166065,1.166105,-1.0,-1.0,-1
2025-08-18 21:08:00-04:00,1.166105,1.166135,1.16594,1.165995,-1.0,-1.0,-1
2025-08-18 21:09:00-04:00,1.165995,1.166045,1.16595,1.166045,-1.0,-1.0,-1
2025-08-18 21:10:00-04:00,1.166045,1.16613,1.165945,1.165945,-1.0,-1.0,-1
2025-08-18 21:11:00-04:00,1.165945,1.16603,1.165945,1.166025,-1.0,-1.0,-1
2025-08-18 21:12:00-04:00,1.166025,1.166135,1.166025,1.16604,-1.0,-1.0,-1
2025-08-18 21:13:00-04:00,1.16604,1.166095,1.165945,1.165945,-1.0,-1.0,-1
2025-08-18 21:14:00-04:00,1.165945,1.165945,1.165745,1.16575,-1.0,-1.0,-1
2025-08-18 21:15:00-04:00,1.16575,1.16582,1.165735,1.16582,-1.0,-1.0,-1
2025-08-18 21:16:00-04:00,1.16582,1.16584,1.16577,1.16584,-1.0,-1.0,-1
2025-08-18 21:17:00-04:00,1.16584,1.16585,1.165675,1.16568,-1.0,-1.0,-1
2025-08-18 21:18:00-04:00,1.16568,1.165735,1.16564,1.165675,-1.0,-1.0,-1
2025-08-18 21:19:00-04:00,1.165675,1.165685,1.165625,1.165625,-1.0,-1.0,-1
2025-08-18 21:20:00-04:00,1.165625,1.165695,1.16561,1.165675,-1.0,-1.0,-1
2025-08-18 21:21:00-04:00,1.165675,1.165675,1.165595,1.165645,-1.0,-1.0,-1
2025-08-18 21:22:00-04:00,1.165645,1.1657,1.165615,1.1657,-1.0,-1.0,-1
2025-08-18 21:23:00-04:00,1.1657,1.16571,1.16551,1.16553,-1.0,-1.0,-1
2025-08-18 21:24:00-04:00,1.16553,1.16556,1.16512,1.165245,-1.0,-1.0,-1
2025-08-18 21:25:00-04:00,1.165245,1.165325,1.165195,1.165215,-1.0,-1.0,-1
2025-08-18 21:26:00-04:00,1.165215,1.165295,1.165215,1.165245,-1.0,-1.0,-1
2025-08-18 21:27:00-04:00,1.165245,1.165245,1.165175,1.16521,-1.0,-1.0,-1
2025-08-18 21:28:00-04:00,1.16521,1.165215,1.16507,1.16509,-1.0,-1.0,-1
2025-08-18 21:29:00-04:00,1.16509,1.165095,1.16429,1.16434,-1.0,-1.0,-1
2025-08-18 21:30:00-04:00,1.16434,1.16455,1.16421,1.164545,-1.0,-1.0,-1
2025-08-18 21:31:00-04:00,1.164545,1.16456,1.16391,1.16393,-1.0,-1.0,-1
2025-08-18 21:32:00-04:00,1.16393,1.164225,1.163925,1.164195,-1.0,-1.0,-1
2025-08-18 21:33:00-04:00,1.164195,1.164385,1.164195,1.16432,-1.0,-1.0,-1
2025-08-18 21:34:00-04:00,1.16432,1.1644,1.16424,1.16424,-1.0,-1.0,-1
2025-08-18 21:35:00-04:00,1.16424,1.16457,1.16424,1.16442,-1.0,-1.0,-1
2025-08-18 21:36:00-04:00,1.16442,1.16459,1.16439,1.164565,-1.0,-1.0,-1
2025-08-18 21:37:00-04:00,1.164565,1.16473,1.164455,1.164455,-1.0,-1.0,-1
2025-08-18 21:38:00-04:00,1.164455,1.16464,1.164345,1.164625,-1.0,-1.0,-1
2025-08-18 21:39:00-04:00,1.164625,1.164675,1.16453,1.16467,-1.0,-1.0,-1
2025-08-18 21:40:00-04:00,1.16467,1.16473,1.16464,1.164655,-1.0,-1.0,-1
2025-08-18 21:41:00-04:00,1.164655,1.16472,1.1646,1.16465,-1.0,-1.0,-1
2025-08-18 21:42:00-04:00,1.16465,1.164885,1.164625,1.16487,-1.0,-1.0,-1
2025-08-18 21:43:00-04:00,1.16487,1.16487,1.16473,1.16479,-1.0,-1.0,-1
2025-08-18 21:44:00-04:00,1.16479,1.164945,1.164785,1.16493,-1.0,-1.0,-1
2025-08-18 21:45:00-04:00,1.16493,1.1652,1.164925,1.16504,-1.0,-1.0,-1
2025-08-18 21:46:00-04:00,1.16504,1.165275,1.165035,1.16526,-1.0,-1.0,-1
2025-08-18 21:47:00-04:00,1.16526,1.1653,1.16519,1.165255,-1.0,-1.0,-1
2025-08-18 21:48:00-04:00,1.165255,1.165255,1.165,1.165155,-1.0,-1.0,-1
2025-08-18 21:49:00-04:00,1.165155,1.165225,1.16512,1.165225,-1.0,-1.0,-1
2025-08-18 21:50:00-04:00,1.165225,1.165305,1.16522,1.16524,-1.0,-1.0,-1
2025-08-18 21:51:00-04:00,1.16524,1.16524,1.165055,1.165165,-1.0,-1.0,-1
2025-08-18 21:52:00-04:00,1.165165,1.16527,1.165045,1.16506,-1.0,-1.0,-1
2025-08-18 21:53:00-04:00,1.16506,1.16522,1.165035,1.16522,-1.0,-1.0,-1
2025-08-18 21:54:00-04:00,1.16522,1.165235,1.165085,1.16514,-1.0,-1.0,-1
2025-08-18 21:55:00-04:00,1.16514,1.165195,1.164965,1.165055,-1.0,-1.0,-1
2025-08-18 21:56:00-04:00,1.165055,1.165095,1.164905,1.16497,-1.0,-1.0,-1
2025-08-18 21:57:00-04:00,1.16497,1.165145,1.164965,1.16514,-1.0,-1.0,-1
2025-08-18 21:58:00-04:00,1.16514,1.16517,1.164995,1.16501,-1.0,-1.0,-1
2025-08-18 21:59:00-04:00,1.16501,1.165165,1.164925,1.164935,-1.0,-1.0,-1
2025-08-18 22:00:00-04:00,1.164935,1.164935,1.16472,1.164745,-1.0,-1.0,-1
2025-08-18 22:01:00-04:00,1.164745,1.16491,1.164715,1.1649,-1.0,-1.0,-1
2025-08-18 22:02:00-04:00,1.1649,1.165065,1.16489,1.16495,-1.0,-1.0,-1
2025-08-18 22:03:00-04:00,1.16495,1.164975,1.164845,1.16486,-1.0,-1.0,-1
2025-08-18 22:04:00-04:00,1.16486,1.164895,1.164735,1.164825,-1.0,-1.0,-1
2025-08-18 22:05:00-04:00,1.164825,1.164945,1.164825,1.16488,-1.0,-1.0,-1
2025-08-18 22:06:00-04:00,1.16488,1.16495,1.16476,1.16478,-1.0,-1.0,-1
2025-08-18 22:07:00-04:00,1.16478,1.16507,1.16478,1.165065,-1.0,-1.0,-1
2025-08-18 22:08:00-04:00,1.165065,1.16512,1.165045,1.16508,-1.0,-1.0,-1
2025-08-18 22:09:00-04:00,1.16508,1.165145,1.16506,1.16513,-1.0,-1.0,-1
2025-08-18 22:10:00-04:00,1.16513,1.165135,1.165035,1.165125,-1.0,-1.0,-1
2025-08-18 22:11:00-04:00,1.165125,1.165335,1.16511,1.16532,-1.0,-1.0,-1
2025-08-18 22:12:00-04:00,1.16532,1.165475,1.165295,1.16546,-1.0,-1.0,-1
2025-08-18 22:13:00-04:00,1.16546,1.165515,1.165385,1.165475,-1.0,-1.0,-1
2025-08-18 22:14:00-04:00,1.165475,1.165535,1.165375,1.165535,-1.0,-1.0,-1
2025-08-18 22:15:00-04:00,1.165535,1.165595,1.165475,1.16559,-1.0,-1.0,-1
2025-08-18 22:16:00-04:00,1.16559,1.165605,1.165425,1.165455,-1.0,-1.0,-1
2025-08-18 22:17:00-04:00,1.165455,1.16549,1.165275,1.165335,-1.0,-1.0,-1
2025-08-18 22:18:00-04:00,1.165335,1.165335,1.165235,1.165255,-1.0,-1.0,-1
2025-08-18 22:19:00-04:00,1.165255,1.16529,1.16525,1.165285,-1.0,-1.0,-1
2025-08-18 22:20:00-04:00,1.165285,1.165445,1.165225,1.165415,-1.0,-1.0,-1
2025-08-18 22:21:00-04:00,1.165415,1.16542,1.16538,1.165385,-1.0,-1.0,-1
2025-08-18 22:22:00-04:00,1.165385,1.16541,1.165285,1.165295,-1.0,-1.0,-1
2025-08-18 22:23:00-04:00,1.165295,1.165415,1.165245,1.16541,-1.0,-1.0,-1
2025-08-18 22:24:00-04:00,1.16541,1.16548,1.16528,1.16546,-1.0,-1.0,-1
2025-08-18 22:25:00-04:00,1.16546,1.165475,1.16541,1.16541,-1.0,-1.0,-1
2025-08-18 22:26:00-04:00,1.16541,1.165415,1.165335,1.16534,-1.0,-1.0,-1
2025-08-18 22:27:00-04:00,1.16534,1.16535,1.165245,1.165295,-1.0,-1.0,-1
2025-08-18 22:28:00-04:00,1.165295,1.165325,1.165265,1.16528,-1.0,-1.0,-1
2025-08-18 22:29:00-04:00,1.16528,1.16533,1.165225,1.16526,-1.0,-1.0,-1
2025-08-18 22:30:00-04:00,1.16526,1.16529,1.16522,1.165285,-1.0,-1.0,-1
2025-08-18 22:31:00-04:00,1.165285,1.165415,1.16528,1.165385,-1.0,-1.0,-1
2025-08-18 22:32:00-04:00,1.165385,1.165415,1.165325,1.16538,-1.0,-1.0,-1
2025-08-18 22:33:00-04:00,1.16538,1.165435,1.16538,1.16541,-1.0,-1.0,-1
2025-08-18 22:34:00-04:00,1.16541,1.165415,1.165345,1.16536,-1.0,-1.0,-1
2025-08-18 22:35:00-04:00,1.16536,1.165385,1.16534,1.165375,-1.0,-1.0,-1
2025-08-18 22:36:00-04:00,1.165375,1.165375,1.16517,1.1652,-1.0,-1.0,-1
2025-08-18 22:37:00-04:00,1.1652,1.165225,1.16517,1.165225,-1.0,-1.0,-1
2025-08-18 22:38:00-04:00,1.165225,1.165315,1.165195,1.165195,-1.0,-1.0,-1
2025-08-18 22:39:00-04:00,1.165195,1.165255,1.16515,1.165155,-1.0,-1.0,-1
2025-08-18 22:40:00-04:00,1.165155,1.16517,1.16512,1.165145,-1.0,-1.0,-1
2025-08-18 22:41:00-04:00,1.165145,1.16524,1.165125,1.165185,-1.0,-1.0,-1
2025-08-18 22:42:00-04:00,1.165185,1.165205,1.16514,1.165205,-1.0,-1.0,-1
2025-08-18 22:43:00-04:00,1.165205,1.16533,1.165205,1.165295,-1.0,-1.0,-1
2025-08-18 22:44:00-04:00,1.165295,1.165325,1.165275,1.165325,-1.0,-1.0,-1
2025-08-18 22:45:00-04:00,1.165325,1.165325,1.16516,1.16516,-1.0,-1.0,-1
2025-08-18 22:46:00-04:00,1.16516,1.16526,1.16514,1.16523,-1.0,-1.0,-1
2025-08-18 22:47:00-04:00,1.16523,1.16526,1.165175,1.16523,-1.0,-1.0,-1
2025-08-18 22:48:00-04:00,1.16523,1.165255,1.16515,1.16519,-1.0,-1.0,-1
2025-08-18 22:49:00-04:00,1.16519,1.165275,1.165185,1.165225,-1.0,-1.0,-1
2025-08-18 22:50:00-04:00,1.165225,1.165275,1.1652,1.16527,-1.0,-1.0,-1
2025-08-18 22:51:00-04:00,1.16527,1.16539,1.16526,1.16535,-1.0,-1.0,-1
2025-08-18 22:52:00-04:00,1.16535,1.165365,1.165325,1.165325,-1.0,-1.0,-1
2025-08-18 22:53:00-04:00,1.165325,1.16534,1.1652,1.16521,-1.0,-1.0,-1
2025-08-18 22:54:00-04:00,1.16521,1.16529,1.16519,1.165275,-1.0,-1.0,-1
2025-08-18 22:55:00-04:00,1.165275,1.165325,1.16519,1.16519,-1.0,-1.0,-1
2025-08-18 22:56:00-04:00,1.16519,1.165235,1.16519,1.1652,-1.0,-1.0,-1
2025-08-18 22:57:00-04:00,1.1652,1.16521,1.16513,1.165155,-1.0,-1.0,-1
2025-08-18 22:58:00-04:00,1.165155,1.165205,1.16511,1.16514,-1.0,-1.0,-1
2025-08-18 22:59:00-04:00,1.16514,1.165285,1.165135,1.165285,-1.0,-1.0,-1
2025-08-18 23:00:00-04:00,1.165285,1.165415,1.165285,1.165325,-1.0,-1.0,-1
2025-08-18 23:01:00-04:00,1.165325,1.165325,1.16518,1.16522,-1.0,-1.0,-1
2025-08-18 23:02:00-04:00,1.16522,1.165235,1.16505,1.165075,-1.0,-1.0,-1
2025-08-18 23:03:00-04:00,1.165075,1.165165,1.16505,1.165155,-1.0,-1.0,-1
2025-08-18 23:04:00-04:00,1.165155,1.165245,1.165155,1.165195,-1.0,-1.0,-1
2025-08-18 23:05:00-04:00,1.165195,1.16525,1.16517,1.16517,-1.0,-1.0,-1
2025-08-18 23:06:00-04:00,1.16517,1.165385,1.16517,1.165385,-1.0,-1.0,-1
2025-08-18 23:07:00-04:00,1.165385,1.165425,1.16523,1.16523,-1.0,-1.0,-1
2025-08-18 23:08:00-04:00,1.16523,1.165415,1.16518,1.1654,-1.0,-1.0,-1
2025-08-18 23:09:00-04:00,1.1654,1.165425,1.165335,1.1654,-1.0,-1.0,-1
2025-08-18 23:10:00-04:00,1.1654,1.165435,1.165285,1.165295,-1.0,-1.0,-1
2025-08-18 23:11:00-04:00,1.165295,1.16542,1.165295,1.16541,-1.0,-1.0,-1
2025-08-18 23:12:00-04:00,1.16541,1.165425,1.165335,1.16534,-1.0,-1.0,-1
2025-08-18 23:13:00-04:00,1.16534,1.16535,1.165275,1.165335,-1.0,-1.0,-1
2025-08-18 23:14:00-04:00,1.165335,1.16548,1.165335,1.16548,-1.0,-1.0,-1
2025-08-18 23:15:00-04:00,1.16548,1.165545,1.165435,1.165475,-1.0,-1.0,-1
2025-08-18 23:16:00-04:00,1.165475,1.165475,1.165435,1.165435,-1.0,-1.0,-1
2025-08-18 23:17:00-04:00,1.165435,1.165465,1.165385,1.16544,-1.0,-1.0,-1
2025-08-18 23:18:00-04:00,1.16544,1.16552,1.16543,1.16543,-1.0,-1.0,-1
2025-08-18 23:19:00-04:00,1.16543,1.16551,1.165335,1.16536,-1.0,-1.0,-1
2025-08-18 23:20:00-04:00,1.16536,1.16547,1.16534,1.165455,-1.0,-1.0,-1
2025-08-18 23:21:00-04:00,1.165455,1.165565,1.16542,1.16543,-1.0,-1.0,-1
2025-08-18 23:22:00-04:00,1.16543,1.16551,1.165345,1.165505,-1.0,-1.0,-1
2025-08-18 23:23:00-04:00,1.165505,1.16554,1.165505,1.165525,-1.0,-1.0,-1
2025-08-18 23:24:00-04:00,1.165525,1.16556,1.165505,1.16554,-1.0,-1.0,-1
2025-08-18 23:25:00-04:00,1.16554,1.165635,1.16554,1.165625,-1.0,-1.0,-1
2025-08-18 23:26:00-04:00,1.165625,1.16563,1.1656,1.165605,-1.0,-1.0,-1
2025-08-18 23:27:00-04:00,1.165605,1.16568,1.165605,1.16568,-1.0,-1.0,-1
2025-08-18 23:28:00-04:00,1.16568,1.165695,1.16564,1.16568,-1.0,-1.0,-1
2025-08-18 23:29:00-04:00,1.16568,1.165715,1.165645,1.165675,-1.0,-1.0,-1
2025-08-18 23:30:00-04:00,1.165675,1.16585,1.16567,1.165845,-1.0,-1.0,-1
2025-08-18 23:31:00-04:00,1.165845,1.165855,1.165825,1.165835,-1.0,-1.0,-1
2025-08-18 23:32:00-04:00,1.165835,1.1659,1.165835,1.165865,-1.0,-1.0,-1
2025-08-18 23:33:00-04:00,1.165865,1.165875,1.165725,1.165765,-1.0,-1.0,-1
2025-08-18 23:34:00-04:00,1.165765,1.16586,1.165745,1.16585,-1.0,-1.0,-1
2025-08-18 23:35:00-04:00,1.16585,1.16585,1.16576,1.165775,-1.0,-1.0,-1
2025-08-18 23:36:00-04:00,1.165775,1.165785,1.165685,1.165745,-1.0,-1.0,-1
2025-08-18 23:37:00-04:00,1.165745,1.165775,1.165685,1.165775,-1.0,-1.0,-1
2025-08-18 23:38:00-04:00,1.165775,1.165805,1.16577,1.165785,-1.0,-1.0,-1
2025-08-18 23:39:00-04:00,1.165785,1.16586,1.165785,1.165845,-1.0,-1.0,-1
2025-08-18 23:40:00-04:00,1.165845,1.16585,1.165785,1.165785,-1.0,-1.0,-1
2025-08-18 23:41:00-04:00,1.165785,1.16579,1.165735,1.16576,-1.0,-1.0,-1
2025-08-18 23:42:00-04:00,1.16576,1.165865,1.165745,1.16579,-1.0,-1.0,-1
2025-08-18 23:43:00-04:00,1.16579,1.165805,1.1657,1.1657,-1.0,-1.0,-1
2025-08-18 23:44:00-04:00,1.1657,1.165845,1.16569,1.165845,-1.0,-1.0,-1
2025-08-18 23:45:00-04:00,1.165845,1.16588,1.165775,1.165865,-1.0,-1.0,-1
2025-08-18 23:46:00-04:00,1.165865,1.165865,1.165775,1.165775,-1.0,-1.0,-1
2025-08-18 23:47:00-04:00,1.165775,1.16581,1.16563,1.165645,-1.0,-1.0,-1
2025-08-18 23:48:00-04:00,1.165645,1.165675,1.16559,1.165655,-1.0,-1.0,-1
2025-08-18 23:49:00-04:00,1.165655,1.16566,1.165535,1.165535,-1.0,-1.0,-1
2025-08-18 23:50:00-04:00,1.165535,1.165675,1.16553,1.165585,-1.0,-1.0,-1
2025-08-18 23:51:00-04:00,1.165585,1.165625,1.165565,1.16557,-1.0,-1.0,-1
2025-08-18 23:52:00-04:00,1.16557,1.165735,1.165565,1.165735,-1.0,-1.0,-1
2025-08-18 23:53:00-04:00,1.165735,1.165795,1.16573,1.165795,-1.0,-1.0,-1
2025-08-18 23:54:00-04:00,1.165795,1.16587,1.165785,1.16586,-1.0,-1.0,-1
2025-08-18 23:55:00-04:00,1.16586,1.16587,1.165675,1.1657,-1.0,-1.0,-1
2025-08-18 23:56:00-04:00,1.1657,1.165765,1.165635,1.16564,-1.0,-1.0,-1
2025-08-18 23:57:00-04:00,1.16564,1.165655,1.16557,1.16561,-1.0,-1.0,-1
2025-08-18 23:58:00-04:00,1.16561,1.165635,1.165525,1.165525,-1.0,-1.0,-1
2025-08-18 23:59:00-04:00,1.165525,1.16553,1.165435,1.165505,-1.0,-1.0,-1
2025-08-19 00:00:00-04:00,1.165505,1.165505,1.165415,1.16545,-1.0,-1.0,-1
2025-08-19 00:01:00-04:00,1.16545,1.165475,1.165435,1.16544,-1.0,-1.0,-1
2025-08-19 00:02:00-04:00,1.16544,1.16546,1.16535,1.16542,-1.0,-1.0,-1
2025-08-19 00:03:00-04:00,1.16542,1.165485,1.16536,1.165485,-1.0,-1.0,-1
2025-08-19 00:04:00-04:00,1.165485,1.16559,1.165475,1.165585,-1.0,-1.0,-1
2025-08-19 00:05:00-04:00,1.165585,1.165605,1.16557,1.16557,-1.0,-1.0,-1
2025-08-19 00:06:00-04:00,1.16557,1.1656,1.16554,1.165595,-1.0,-1.0,-1
2025-08-19 00:07:00-04:00,1.165595,1.16565,1.16557,1.165635,-1.0,-1.0,-1
2025-08-19 00:08:00-04:00,1.165635,1.165655,1.165605,1.165645,-1.0,-1.0,-1
2025-08-19 00:09:00-04:00,1.165645,1.165735,1.16564,1.16566,-1.0,-1.0,-1
2025-08-19 00:10:00-04:00,1.16566,1.165785,1.165635,1.16578,-1.0,-1.0,-1
2025-08-19 00:11:00-04:00,1.16578,1.165785,1.16564,1.165655,-1.0,-1.0,-1
2025-08-19 00:12:00-04:00,1.165655,1.16567,1.165635,1.16564,-1.0,-1.0,-1
2025-08-19 00:13:00-04:00,1.16564,1.16565,1.16561,1.165635,-1.0,-1.0,-1
2025-08-19 00:14:00-04:00,1.165635,1.16564,1.16557,1.16562,-1.0,-1.0,-1
2025-08-19 00:15:00-04:00,1.16562,1.16563,1.16544,1.16546,-1.0,-1.0,-1
2025-08-19 00:16:00-04:00,1.16546,1.16577,1.16546,1.165765,-1.0,-1.0,-1
2025-08-19 00:17:00-04:00,1.165765,1.1659,1.16576,1.165855,-1.0,-1.0,-1
2025-08-19 00:18:00-04:00,1.165855,1.16597,1.165855,1.16593,-1.0,-1.0,-1
2025-08-19 00:19:00-04:00,1.16593,1.16594,1.165825,1.16583,-1.0,-1.0,-1
2025-08-19 00:20:00-04:00,1.16583,1.16584,1.16582,1.165835,-1.0,-1.0,-1
2025-08-19 00:21:00-04:00,1.165835,1.16589,1.165835,1.16588,-1.0,-1.0,-1
2025-08-19 00:22:00-04:00,1.16588,1.16589,1.16587,1.165885,-1.0,-1.0,-1
2025-08-19 00:23:00-04:00,1.165885,1.165885,1.16587,1.165885,-1.0,-1.0,-1
2025-08-19 00:24:00-04:00,1.165885,1.16594,1.165885,1.16594,-1.0,-1.0,-1
2025-08-19 00:25:00-04:00,1.16594,1.16594,1.16577,1.16583,-1.0,-1.0,-1
2025-08-19 00:26:00-04:00,1.16583,1.165865,1.16582,1.16583,-1.0,-1.0,-1
2025-08-19 00:27:00-04:00,1.16583,1.16583,1.165725,1.165765,-1.0,-1.0,-1
2025-08-19 00:28:00-04:00,1.165765,1.165765,1.16573,1.16573,-1.0,-1.0,-1
2025-08-19 00:29:00-04:00,1.16573,1.16574,1.16568,1.16572,-1.0,-1.0,-1
2025-08-19 00:30:00-04:00,1.16572,1.16584,1.165715,1.165765,-1.0,-1.0,-1
2025-08-19 00:31:00-04:00,1.165765,1.1659,1.165765,1.16587,-1.0,-1.0,-1
2025-08-19 00:32:00-04:00,1.16587,1.16588,1.165855,1.165875,-1.0,-1.0,-1
2025-08-19 00:33:00-04:00,1.165875,1.165885,1.16586,1.165865,-1.0,-1.0,-1
2025-08-19 00:34:00-04:00,1.165865,1.16591,1.165865,1.165905,-1.0,-1.0,-1
2025-08-19 00:35:00-04:00,1.165905,1.16591,1.16584,1.16585,-1.0,-1.0,-1
2025-08-19 00:36:00-04:00,1.16585,1.165855,1.16576,1.16582,-1.0,-1.0,-1
2025-08-19 00:37:00-04:00,1.16582,1.16582,1.165745,1.165785,-1.0,-1.0,-1
2025-08-19 00:38:00-04:00,1.165785,1.165835,1.165785,1.16583,-1.0,-1.0,-1
2025-08-19 00:39:00-04:00,1.16583,1.16583,1.16576,1.165765,-1.0,-1.0,-1
2025-08-19 00:40:00-04:00,1.165765,1.165765,1.165655,1.165765,-1.0,-1.0,-1
2025-08-19 00:41:00-04:00,1.165765,1.165835,1.16576,1.165805,-1.0,-1.0,-1
2025-08-19 00:42:00-04:00,1.165805,1.165915,1.1658,1.165915,-1.0,-1.0,-1
2025-08-19 00:43:00-04:00,1.165915,1.165965,1.165915,1.165935,-1.0,-1.0,-1
2025-08-19 00:44:00-04:00,1.165935,1.16596,1.16591,1.165935,-1.0,-1.0,-1
2025-08-19 00:45:00-04:00,1.165935,1.16597,1.165925,1.165925,-1.0,-1.0,-1
2025-08-19 00:46:00-04:00,1.165925,1.166045,1.165925,1.166005,-1.0,-1.0,-1
2025-08-19 00:47:00-04:00,1.166005,1.166015,1.165825,1.165825,-1.0,-1.0,-1
2025-08-19 00:48:00-04:00,1.165825,1.16592,1.165825,1.16589,-1.0,-1.0,-1
2025-08-19 00:49:00-04:00,1.16589,1.165925,1.16589,1.165905,-1.0,-1.0,-1
2025-08-19 00:50:00-04:00,1.165905,1.16592,1.16585,1.165915,-1.0,-1.0,-1
2025-08-19 00:51:00-04:00,1.165915,1.166055,1.1659,1.166035,-1.0,-1.0,-1
2025-08-19 00:52:00-04:00,1.166035,1.166075,1.16603,1.166075,-1.0,-1.0,-1
2025-08-19 00:53:00-04:00,1.166075,1.1661,1.16606,1.16609,-1.0,-1.0,-1
2025-08-19 00:54:00-04:00,1.16609,1.1662,1.166085,1.166135,-1.0,-1.0,-1
2025-08-19 00:55:00-04:00,1.166135,1.16614,1.166025,1.166035,-1.0,-1.0,-1
2025-08-19 00:56:00-04:00,1.166035,1.166045,1.16596,1.16598,-1.0,-1.0,-1
2025-08-19 00:57:00-04:00,1.16598,1.16606,1.165975,1.16605,-1.0,-1.0,-1
2025-08-19 00:58:00-04:00,1.16605,1.16611,1.16604,1.16611,-1.0,-1.0,-1
2025-08-19 00:59:00-04:00,1.16611,1.16612,1.166065,1.166075,-1.0,-1.0,-1
2025-08-19 01:00:00-04:00,1.166075,1.16629,1.166065,1.166225,-1.0,-1.0,-1
2025-08-19 01:01:00-04:00,1.166225,1.16624,1.166165,1.16622,-1.0,-1.0,-1
2025-08-19 01:02:00-04:00,1.16622,1.166355,1.16622,1.16635,-1.0,-1.0,-1
2025-08-19 01:03:00-04:00,1.16635,1.16643,1.1663,1.166305,-1.0,-1.0,-1
2025-08-19 01:04:00-04:00,1.166305,1.166355,1.1663,1.166345,-1.0,-1.0,-1
2025-08-19 01:05:00-04:00,1.166345,1.16647,1.166345,1.166455,-1.0,-1.0,-1
2025-08-19 01:06:00-04:00,1.166455,1.16648,1.166435,1.16646,-1.0,-1.0,-1
2025-08-19 01:07:00-04:00,1.16646,1.166525,1.166415,1.166425,-1.0,-1.0,-1
2025-08-19 01:08:00-04:00,1.166425,1.166435,1.166345,1.166395,-1.0,-1.0,-1
2025-08-19 01:09:00-04:00,1.166395,1.166415,1.16637,1.166395,-1.0,-1.0,-1
2025-08-19 01:10:00-04:00,1.166395,1.166445,1.16638,1.16644,-1.0,-1.0,-1
2025-08-19 01:11:00-04:00,1.16644,1.166465,1.166425,1.166445,-1.0,-1.0,-1
2025-08-19 01:12:00-04:00,1.166445,1.16647,1.166435,1.16644,-1.0,-1.0,-1
2025-08-19 01:13:00-04:00,1.16644,1.16648,1.166385,1.166395,-1.0,-1.0,-1
2025-08-19 01:14:00-04:00,1.166395,1.166415,1.16634,1.166345,-1.0,-1.0,-1
2025-08-19 01:15:00-04:00,1.166345,1.166365,1.166285,1.166325,-1.0,-1.0,-1
2025-08-19 01:16:00-04:00,1.166325,1.166425,1.16632,1.166425,-1.0,-1.0,-1
2025-08-19 01:17:00-04:00,1.166425,1.166485,1.16642,1.16648,-1.0,-1.0,-1
2025-08-19 01:18:00-04:00,1.16648,1.166485,1.166335,1.16635,-1.0,-1.0,-1
2025-08-19 01:19:00-04:00,1.16635,1.16636,1.166275,1.16629,-1.0,-1.0,-1
2025-08-19 01:20:00-04:00,1.16629,1.1663,1.16625,1.1663,-1.0,-1.0,-1
2025-08-19 01:21:00-04:00,1.1663,1.166345,1.166275,1.166275,-1.0,-1.0,-1
2025-08-19 01:22:00-04:00,1.166275,1.166275,1.16617,1.16619,-1.0,-1.0,-1
2025-08-19 01:23:00-04:00,1.16619,1.166325,1.16618,1.16628,-1.0,-1.0,-1
2025-08-19 01:24:00-04:00,1.16628,1.16633,1.16628,1.166315,-1.0,-1.0,-1
2025-08-19 01:25:00-04:00,1.166315,1.166395,1.1663,1.16637,-1.0,-1.0,-1
2025-08-19 01:26:00-04:00,1.16637,1.166385,1.16631,1.16633,-1.0,-1.0,-1
2025-08-19 01:27:00-04:00,1.16633,1.16647,1.16633,1.166465,-1.0,-1.0,-1
2025-08-19 01:28:00-04:00,1.166465,1.16648,1.166445,1.16647,-1.0,-1.0,-1
2025-08-19 01:29:00-04:00,1.16647,1.16657,1.16647,1.16654,-1.0,-1.0,-1
2025-08-19 01:30:00-04:00,1.16654,1.166575,1.16653,1.16655,-1.0,-1.0,-1
2025-08-19 01:31:00-04:00,1.16655,1.16655,1.166425,1.166425,-1.0,-1.0,-1
2025-08-19 01:32:00-04:00,1.166425,1.16649,1.166385,1.166485,-1.0,-1.0,-1
2025-08-19 01:33:00-04:00,1.166485,1.16649,1.16636,1.16637,-1.0,-1.0,-1
2025-08-19 01:34:00-04:00,1.16637,1.166405,1.16633,1.166345,-1.0,-1.0,-1
2025-08-19 01:35:00-04:00,1.166345,1.166345,1.16623,1.16623,-1.0,-1.0,-1
2025-08-19 01:36:00-04:00,1.16623,1.16636,1.166225,1.166355,-1.0,-1.0,-1
2025-08-19 01:37:00-04:00,1.166355,1.166355,1.166285,1.16632,-1.0,-1.0,-1
2025-08-19 01:38:00-04:00,1.16632,1.16636,1.166315,1.166325,-1.0,-1.0,-1
2025-08-19 01:39:00-04:00,1.166325,1.16637,1.16632,1.16637,-1.0,-1.0,-1
2025-08-19 01:40:00-04:00,1.16637,1.166385,1.16635,1.166355,-1.0,-1.0,-1
2025-08-19 01:41:00-04:00,1.166355,1.16638,1.166345,1.166375,-1.0,-1.0,-1
2025-08-19 01:42:00-04:00,1.166375,1.16643,1.16636,1.16643,-1.0,-1.0,-1
2025-08-19 01:43:00-04:00,1.16643,1.16643,1.1663,1.1663,-1.0,-1.0,-1
2025-08-19 01:44:00-04:00,1.1663,1.166395,1.166265,1.166365,-1.0,-1.0,-1
2025-08-19 01:45:00-04:00,1.166365,1.166465,1.166365,1.16638,-1.0,-1.0,-1
2025-08-19 01:46:00-04:00,1.16638,1.166395,1.166225,1.1663,-1.0,-1.0,-1
2025-08-19 01:47:00-04:00,1.1663,1.1663,1.166015,1.166025,-1.0,-1.0,-1
2025-08-19 01:48:00-04:00,1.166025,1.166065,1.16592,1.165975,-1.0,-1.0,-1
2025-08-19 01:49:00-04:00,1.165975,1.165975,1.16578,1.16579,-1.0,-1.0,-1
2025-08-19 01:50:00-04:00,1.16579,1.16581,1.165755,1.16579,-1.0,-1.0,-1
2025-08-19 01:51:00-04:00,1.16579,1.16579,1.16565,1.16571,-1.0,-1.0,-1
2025-08-19 01:52:00-04:00,1.16571,1.16571,1.16567,1.165675,-1.0,-1.0,-1
2025-08-19 01:53:00-04:00,1.165675,1.16573,1.165555,1.165565,-1.0,-1.0,-1
2025-08-19 01:54:00-04:00,1.165565,1.16583,1.165565,1.165795,-1.0,-1.0,-1
2025-08-19 01:55:00-04:00,1.165795,1.165895,1.165735,1.165735,-1.0,-1.0,-1
2025-08-19 01:56:00-04:00,1.165735,1.16586,1.16553,1.165545,-1.0,-1.0,-1
2025-08-19 01:57:00-04:00,1.165545,1.16557,1.16543,1.16557,-1.0,-1.0,-1
2025-08-19 01:58:00-04:00,1.16557,1.165605,1.165415,1.16552,-1.0,-1.0,-1
2025-08-19 01:59:00-04:00,1.16552,1.16559,1.16547,1.16554,-1.0,-1.0,-1
2025-08-19 02:00:00-04:00,1.16554,1.16574,1.165185,1.16519,-1.0,-1.0,-1
2025-08-19 02:01:00-04:00,1.16519,1.165295,1.16512,1.165185,-1.0,-1.0,-1
2025-08-19 02:02:00-04:00,1.165185,1.16547,1.16517,1.165405,-1.0,-1.0,-1
2025-08-19 02:03:00-04:00,1.165405,1.16572,1.165285,1.16563,-1.0,-1.0,-1
2025-08-19 02:04:00-04:00,1.16563,1.165675,1.16549,1.165605,-1.0,-1.0,-1
2025-08-19 02:05:00-04:00,1.165605,1.165675,1.165445,1.16549,-1.0,-1.0,-1
2025-08-19 02:06:00-04:00,1.16549,1.165635,1.165465,1.16551,-1.0,-1.0,-1
2025-08-19 02:07:00-04:00,1.16551,1.165585,1.16539,1.165515,-1.0,-1.0,-1
2025-08-19 02:08:00-04:00,1.165515,1.165695,1.16546,1.165675,-1.0,-1.0,-1
2025-08-19 02:09:00-04:00,1.165675,1.16577,1.16539,1.16552,-1.0,-1.0,-1
2025-08-19 02:10:00-04:00,1.16552,1.165585,1.16551,1.16552,-1.0,-1.0,-1
2025-08-19 02:11:00-04:00,1.16552,1.16572,1.165515,1.16572,-1.0,-1.0,-1
2025-08-19 02:12:00-04:00,1.16572,1.165735,1.165575,1.16563,-1.0,-1.0,-1
2025-08-19 02:13:00-04:00,1.16563,1.16568,1.16552,1.165525,-1.0,-1.0,-1
2025-08-19 02:14:00-04:00,1.165525,1.16572,1.16552,1.165675,-1.0,-1.0,-1
2025-08-19 02:15:00-04:00,1.165675,1.165785,1.16565,1.16577,-1.0,-1.0,-1
2025-08-19 02:16:00-04:00,1.16577,1.16578,1.165555,1.165565,-1.0,-1.0,-1
2025-08-19 02:17:00-04:00,1.165565,1.165735,1.165525,1.165545,-1.0,-1.0,-1
2025-08-19 02:18:00-04:00,1.165545,1.165545,1.165405,1.165505,-1.0,-1.0,-1
2025-08-19 02:19:00-04:00,1.165505,1.165725,1.165475,1.16565,-1.0,-1.0,-1
2025-08-19 02:20:00-04:00,1.16565,1.165675,1.165465,1.16556,-1.0,-1.0,-1
2025-08-19 02:21:00-04:00,1.16556,1.165625,1.165455,1.16558,-1.0,-1.0,-1
2025-08-19 02:22:00-04:00,1.16558,1.165615,1.165465,1.165535,-1.0,-1.0,-1
2025-08-19 02:23:00-04:00,1.165535,1.16574,1.16552,1.16572,-1.0,-1.0,-1
2025-08-19 02:24:00-04:00,1.16572,1.16586,1.165675,1.16586,-1.0,-1.0,-1
2025-08-19 02:25:00-04:00,1.16586,1.16603,1.165805,1.16601,-1.0,-1.0,-1
2025-08-19 02:26:00-04:00,1.16601,1.166085,1.16582,1.16583,-1.0,-1.0,-1
2025-08-19 02:27:00-04:00,1.16583,1.16595,1.16579,1.16593,-1.0,-1.0,-1
2025-08-19 02:28:00-04:00,1.16593,1.165975,1.165765,1.16592,-1.0,-1.0,-1
2025-08-19 02:29:00-04:00,1.16592,1.165965,1.165825,1.16592,-1.0,-1.0,-1
2025-08-19 02:30:00-04:00,1.16592,1.166125,1.165895,1.16607,-1.0,-1.0,-1
2025-08-19 02:31:00-04:00,1.16607,1.166225,1.16607,1.166215,-1.0,-1.0,-1
2025-08-19 02:32:00-04:00,1.166215,1.16636,1.166215,1.16636,-1.0,-1.0,-1
2025-08-19 02:33:00-04:00,1.16636,1.166435,1.166325,1.16642,-1.0,-1.0,-1
2025-08-19 02:34:00-04:00,1.16642,1.166425,1.16632,1.16636,-1.0,-1.0,-1
2025-08-19 02:35:00-04:00,1.16636,1.166465,1.166265,1.16632,-1.0,-1.0,-1
2025-08-19 02:36:00-04:00,1.16632,1.166375,1.16626,1.166275,-1.0,-1.0,-1
2025-08-19 02:37:00-04:00,1.166275,1.16628,1.166195,1.16622,-1.0,-1.0,-1
2025-08-19 02:38:00-04:00,1.16622,1.16632,1.166175,1.16628,-1.0,-1.0,-1
2025-08-19 02:39:00-04:00,1.16628,1.16632,1.166165,1.166165,-1.0,-1.0,-1
2025-08-19 02:40:00-04:00,1.166165,1.16633,1.166155,1.16632,-1.0,-1.0,-1
2025-08-19 02:41:00-04:00,1.16632,1.16641,1.16631,1.16637,-1.0,-1.0,-1
2025-08-19 02:42:00-04:00,1.16637,1.16645,1.166365,1.16643,-1.0,-1.0,-1
2025-08-19 02:43:00-04:00,1.16643,1.16647,1.166385,1.166385,-1.0,-1.0,-1
2025-08-19 02:44:00-04:00,1.166385,1.166475,1.16636,1.166365,-1.0,-1.0,-1
2025-08-19 02:45:00-04:00,1.166365,1.16658,1.166315,1.16656,-1.0,-1.0,-1
2025-08-19 02:46:00-04:00,1.16656,1.167045,1.16656,1.16691,-1.0,-1.0,-1
2025-08-19 02:47:00-04:00,1.16691,1.16722,1.16687,1.16716,-1.0,-1.0,-1
2025-08-19 02:48:00-04:00,1.16716,1.16723,1.167125,1.16722,-1.0,-1.0,-1
2025-08-19 02:49:00-04:00,1.16722,1.167225,1.167105,1.167165,-1.0,-1.0,-1
2025-08-19 02:50:00-04:00,1.167165,1.167405,1.167145,1.16738,-1.0,-1.0,-1
2025-08-19 02:51:00-04:00,1.16738,1.16738,1.16727,1.167345,-1.0,-1.0,-1
2025-08-19 02:52:00-04:00,1.167345,1.167395,1.167225,1.167365,-1.0,-1.0,-1
2025-08-19 02:53:00-04:00,1.167365,1.167365,1.16692,1.166925,-1.0,-1.0,-1
2025-08-19 02:54:00-04:00,1.166925,1.167205,1.166875,1.167185,-1.0,-1.0,-1
2025-08-19 02:55:00-04:00,1.167185,1.16726,1.1671,1.167125,-1.0,-1.0,-1
2025-08-19 02:56:00-04:00,1.167125,1.16734,1.16712,1.167325,-1.0,-1.0,-1
2025-08-19 02:57:00-04:00,1.167325,1.16737,1.16727,1.167345,-1.0,-1.0,-1
2025-08-19 02:58:00-04:00,1.167345,1.167435,1.16732,1.16732,-1.0,-1.0,-1
2025-08-19 02:59:00-04:00,1.16732,1.167475,1.16732,1.16744,-1.0,-1.0,-1
2025-08-19 03:00:00-04:00,1.16744,1.167615,1.167365,1.16738,-1.0,-1.0,-1
2025-08-19 03:01:00-04:00,1.16738,1.167625,1.16736,1.167625,-1.0,-1.0,-1
2025-08-19 03:02:00-04:00,1.167625,1.16794,1.167625,1.16768,-1.0,-1.0,-1
2025-08-19 03:03:00-04:00,1.16768,1.16769,1.16756,1.16767,-1.0,-1.0,-1
2025-08-19 03:04:00-04:00,1.16767,1.16767,1.167515,1.16754,-1.0,-1.0,-1
2025-08-19 03:05:00-04:00,1.16754,1.1678,1.167495,1.167785,-1.0,-1.0,-1
2025-08-19 03:06:00-04:00,1.167785,1.16814,1.167745,1.16804,-1.0,-1.0,-1
2025-08-19 03:07:00-04:00,1.16804,1.168095,1.167845,1.16785,-1.0,-1.0,-1
2025-08-19 03:08:00-04:00,1.16785,1.16789,1.16773,1.16788,-1.0,-1.0,-1
2025-08-19 03:09:00-04:00,1.16788,1.16794,1.16771,1.16782,-1.0,-1.0,-1
2025-08-19 03:10:00-04:00,1.16782,1.16788,1.167625,1.167665,-1.0,-1.0,-1
2025-08-19 03:11:00-04:00,1.167665,1.16802,1.167665,1.167835,-1.0,-1.0,-1
2025-08-19 03:12:00-04:00,1.167835,1.16791,1.1678,1.16782,-1.0,-1.0,-1
2025-08-19 03:13:00-04:00,1.16782,1.167845,1.167695,1.167705,-1.0,-1.0,-1
2025-08-19 03:14:00-04:00,1.167705,1.167725,1.167415,1.1675,-1.0,-1.0,-1
2025-08-19 03:15:00-04:00,1.1675,1.167625,1.167465,1.16753,-1.0,-1.0,-1
2025-08-19 03:16:00-04:00,1.16753,1.16763,1.167395,1.167605,-1.0,-1.0,-1
2025-08-19 03:17:00-04:00,1.167605,1.16769,1.16758,1.167675,-1.0,-1.0,-1
2025-08-19 03:18:00-04:00,1.167675,1.167765,1.16762,1.167735,-1.0,-1.0,-1
2025-08-19 03:19:00-04:00,1.167735,1.167835,1.16773,1.16773,-1.0,-1.0,-1
2025-08-19 03:20:00-04:00,1.16773,1.16779,1.167495,1.167525,-1.0,-1.0,-1
2025-08-19 03:21:00-04:00,1.167525,1.167625,1.167525,1.167565,-1.0,-1.0,-1
2025-08-19 03:22:00-04:00,1.167565,1.167675,1.16745,1.16757,-1.0,-1.0,-1
2025-08-19 03:23:00-04:00,1.16757,1.16771,1.167515,1.1677,-1.0,-1.0,-1
2025-08-19 03:24:00-04:00,1.1677,1.1677,1.167465,1.167465,-1.0,-1.0,-1
2025-08-19 03:25:00-04:00,1.167465,1.167665,1.167465,1.167655,-1.0,-1.0,-1
2025-08-19 03:26:00-04:00,1.167655,1.16778,1.16764,1.16767,-1.0,-1.0,-1
2025-08-19 03:27:00-04:00,1.16767,1.16768,1.167575,1.167585,-1.0,-1.0,-1
2025-08-19 03:28:00-04:00,1.167585,1.16768,1.167495,1.167675,-1.0,-1.0,-1
2025-08-19 03:29:00-04:00,1.167675,1.167735,1.1676,1.167675,-1.0,-1.0,-1
2025-08-19 03:30:00-04:00,1.167675,1.16774,1.16757,1.16774,-1.0,-1.0,-1
2025-08-19 03:31:00-04:00,1.16774,1.167785,1.16763,1.167785,-1.0,-1.0,-1
2025-08-19 03:32:00-04:00,1.167785,1.1678,1.167685,1.16777,-1.0,-1.0,-1
2025-08-19 03:33:00-04:00,1.16777,1.167795,1.16758,1.167675,-1.0,-1.0,-1
2025-08-19 03:34:00-04:00,1.167675,1.167825,1.16761,1.16782,-1.0,-1.0,-1
2025-08-19 03:35:00-04:00,1.16782,1.167885,1.167665,1.167735,-1.0,-1.0,-1
2025-08-19 03:36:00-04:00,1.167735,1.16788,1.16773,1.16775,-1.0,-1.0,-1
2025-08-19 03:37:00-04:00,1.16775,1.167935,1.167745,1.167925,-1.0,-1.0,-1
2025-08-19 03:38:00-04:00,1.167925,1.16804,1.16781,1.167925,-1.0,-1.0,-1
2025-08-19 03:39:00-04:00,1.167925,1.16814,1.16786,1.168065,-1.0,-1.0,-1
2025-08-19 03:40:00-04:00,1.168065,1.168085,1.16796,1.16802,-1.0,-1.0,-1
2025-08-19 03:41:00-04:00,1.16802,1.168045,1.1678,1.1678,-1.0,-1.0,-1
2025-08-19 03:42:00-04:00,1.1678,1.167975,1.1678,1.16786,-1.0,-1.0,-1
2025-08-19 03:43:00-04:00,1.16786,1.16817,1.167855,1.16809,-1.0,-1.0,-1
2025-08-19 03:44:00-04:00,1.16809,1.16812,1.16798,1.168015,-1.0,-1.0,-1
2025-08-19 03:45:00-04:00,1.168015,1.168025,1.16783,1.16795,-1.0,-1.0,-1
2025-08-19 03:46:00-04:00,1.16795,1.16801,1.167925,1.167975,-1.0,-1.0,-1
2025-08-19 03:47:00-04:00,1.167975,1.168015,1.167805,1.168015,-1.0,-1.0,-1
2025-08-19 03:48:00-04:00,1.168015,1.16802,1.167715,1.16783,-1.0,-1.0,-1
2025-08-19 03:49:00-04:00,1.16783,1.167955,1.16775,1.167925,-1.0,-1.0,-1
2025-08-19 03:50:00-04:00,1.167925,1.16796,1.167755,1.16782,-1.0,-1.0,-1
2025-08-19 03:51:00-04:00,1.16782,1.16807,1.16781,1.16807,-1.0,-1.0,-1
2025-08-19 03:52:00-04:00,1.16807,1.168345,1.16807,1.16818,-1.0,-1.0,-1
2025-08-19 03:53:00-04:00,1.16818,1.16818,1.16805,1.16811,-1.0,-1.0,-1
2025-08-19 03:54:00-04:00,1.16811,1.16823,1.168065,1.16807,-1.0,-1.0,-1
2025-08-19 03:55:00-04:00,1.16807,1.16821,1.16807,1.16821,-1.0,-1.0,-1
2025-08-19 03:56:00-04:00,1.16821,1.168425,1.16821,1.168255,-1.0,-1.0,-1
2025-08-19 03:57:00-04:00,1.168255,1.16843,1.16823,1.168375,-1.0,-1.0,-1
2025-08-19 03:58:00-04:00,1.168375,1.168415,1.168235,1.168275,-1.0,-1.0,-1
2025-08-19 03:59:00-04:00,1.168275,1.168415,1.168245,1.16837,-1.0,-1.0,-1
2025-08-19 04:00:00-04:00,1.16837,1.16839,1.168225,1.16834,-1.0,-1.0,-1
2025-08-19 04:01:00-04:00,1.16834,1.16844,1.16829,1.1683,-1.0,-1.0,-1
2025-08-19 04:02:00-04:00,1.1683,1.16834,1.168065,1.168135,-1.0,-1.0,-1
2025-08-19 04:03:00-04:00,1.168135,1.168225,1.168045,1.168085,-1.0,-1.0,-1
2025-08-19 04:04:00-04:00,1.168085,1.168085,1.16789,1.16805,-1.0,-1.0,-1
2025-08-19 04:05:00-04:00,1.16805,1.16805,1.16789,1.16789,-1.0,-1.0,-1
2025-08-19 04:06:00-04:00,1.16789,1.16789,1.167755,1.16781,-1.0,-1.0,-1
2025-08-19 04:07:00-04:00,1.16781,1.16781,1.167665,1.167795,-1.0,-1.0,-1
2025-08-19 04:08:00-04:00,1.167795,1.1678,1.16764,1.167675,-1.0,-1.0,-1
2025-08-19 04:09:00-04:00,1.167675,1.167675,1.16761,1.16764,-1.0,-1.0,-1
2025-08-19 04:10:00-04:00,1.16764,1.167665,1.16752,1.167665,-1.0,-1.0,-1
2025-08-19 04:11:00-04:00,1.167665,1.167735,1.16762,1.167665,-1.0,-1.0,-1
2025-08-19 04:12:00-04:00,1.167665,1.167705,1.16766,1.167675,-1.0,-1.0,-1
2025-08-19 04:13:00-04:00,1.167675,1.167675,1.16749,1.167525,-1.0,-1.0,-1
2025-08-19 04:14:00-04:00,1.167525,1.1676,1.16752,1.16755,-1.0,-1.0,-1
2025-08-19 04:15:00-04:00,1.16755,1.167585,1.167485,1.167585,-1.0,-1.0,-1
2025-08-19 04:16:00-04:00,1.167585,1.1677,1.167575,1.167595,-1.0,-1.0,-1
2025-08-19 04:17:00-04:00,1.167595,1.167605,1.16748,1.1675,-1.0,-1.0,-1
2025-08-19 04:18:00-04:00,1.1675,1.1677,1.167485,1.1676,-1.0,-1.0,-1
2025-08-19 04:19:00-04:00,1.1676,1.167785,1.167585,1.16772,-1.0,-1.0,-1
2025-08-19 04:20:00-04:00,1.16772,1.16772,1.16766,1.1677,-1.0,-1.0,-1
2025-08-19 04:21:00-04:00,1.1677,1.16786,1.1677,1.167845,-1.0,-1.0,-1
2025-08-19 04:22:00-04:00,1.167845,1.167925,1.167825,1.1679,-1.0,-1.0,-1
2025-08-19 04:23:00-04:00,1.1679,1.1679,1.167685,1.167775,-1.0,-1.0,-1
2025-08-19 04:24:00-04:00,1.167775,1.167785,1.167625,1.16772,-1.0,-1.0,-1
2025-08-19 04:25:00-04:00,1.16772,1.167835,1.16769,1.16783,-1.0,-1.0,-1
2025-08-19 04:26:00-04:00,1.16783,1.16783,1.167745,1.16777,-1.0,-1.0,-1
2025-08-19 04:27:00-04:00,1.16777,1.167885,1.16776,1.167875,-1.0,-1.0,-1
2025-08-19 04:28:00-04:00,1.167875,1.167885,1.16782,1.167825,-1.0,-1.0,-1
2025-08-19 04:29:00-04:00,1.167825,1.167895,1.16778,1.167885,-1.0,-1.0,-1
2025-08-19 04:30:00-04:00,1.167885,1.167895,1.16761,1.16767,-1.0,-1.0,-1
2025-08-19 04:31:00-04:00,1.16767,1.167695,1.16758,1.16759,-1.0,-1.0,-1
2025-08-19 04:32:00-04:00,1.16759,1.167615,1.167485,1.1675,-1.0,-1.0,-1
2025-08-19 04:33:00-04:00,1.1675,1.16756,1.167445,1.167455,-1.0,-1.0,-1
2025-08-19 04:34:00-04:00,1.167455,1.16751,1.167365,1.16738,-1.0,-1.0,-1
2025-08-19 04:35:00-04:00,1.16738,1.16749,1.16737,1.16747,-1.0,-1.0,-1
2025-08-19 04:36:00-04:00,1.16747,1.167475,1.16722,1.167265,-1.0,-1.0,-1
2025-08-19 04:37:00-04:00,1.167265,1.167355,1.167255,1.167275,-1.0,-1.0,-1
2025-08-19 04:38:00-04:00,1.167275,1.167395,1.167275,1.16734,-1.0,-1.0,-1
2025-08-19 04:39:00-04:00,1.16734,1.167435,1.16733,1.16741,-1.0,-1.0,-1
2025-08-19 04:40:00-04:00,1.16741,1.167535,1.16741,1.16748,-1.0,-1.0,-1
2025-08-19 04:41:00-04:00,1.16748,1.16748,1.167295,1.167325,-1.0,-1.0,-1
2025-08-19 04:42:00-04:00,1.167325,1.16744,1.16731,1.167435,-1.0,-1.0,-1
2025-08-19 04:43:00-04:00,1.167435,1.16759,1.16742,1.16753,-1.0,-1.0,-1
2025-08-19 04:44:00-04:00,1.16753,1.167615,1.167425,1.167435,-1.0,-1.0,-1
2025-08-19 04:45:00-04:00,1.167435,1.167435,1.16721,1.167225,-1.0,-1.0,-1
2025-08-19 04:46:00-04:00,1.167225,1.167305,1.16718,1.167185,-1.0,-1.0,-1
2025-08-19 04:47:00-04:00,1.167185,1.167365,1.167165,1.167365,-1.0,-1.0,-1
2025-08-19 04:48:00-04:00,1.167365,1.16747,1.167365,1.16746,-1.0,-1.0,-1
2025-08-19 04:49:00-04:00,1.16746,1.167475,1.16742,1.167455,-1.0,-1.0,-1
2025-08-19 04:50:00-04:00,1.167455,1.167505,1.16736,1.167455,-1.0,-1.0,-1
2025-08-19 04:51:00-04:00,1.167455,1.16747,1.16739,1.16746,-1.0,-1.0,-1
2025-08-19 04:52:00-04:00,1.16746,1.16748,1.16737,1.16747,-1.0,-1.0,-1
2025-08-19 04:53:00-04:00,1.16747,1.167655,1.16747,1.167545,-1.0,-1.0,-1
2025-08-19 04:54:00-04:00,1.167545,1.167725,1.16754,1.16771,-1.0,-1.0,-1
2025-08-19 04:55:00-04:00,1.16771,1.16775,1.16768,1.167715,-1.0,-1.0,-1
2025-08-19 04:56:00-04:00,1.167715,1.16773,1.16756,1.16756,-1.0,-1.0,-1
2025-08-19 04:57:00-04:00,1.16756,1.167645,1.16747,1.16762,-1.0,-1.0,-1
2025-08-19 04:58:00-04:00,1.16762,1.16765,1.16748,1.167525,-1.0,-1.0,-1
2025-08-19 04:59:00-04:00,1.167525,1.167535,1.167425,1.1675,-1.0,-1.0,-1
2025-08-19 05:00:00-04:00,1.1675,1.16757,1.167455,1.16757,-1.0,-1.0,-1
2025-08-19 05:01:00-04:00,1.16757,1.16767,1.16756,1.167665,-1.0,-1.0,-1
2025-08-19 05:02:00-04:00,1.167665,1.167695,1.16742,1.16753,-1.0,-1.0,-1
2025-08-19 05:03:00-04:00,1.16753,1.16775,1.16753,1.16774,-1.0,-1.0,-1
2025-08-19 05:04:00-04:00,1.16774,1.16777,1.167675,1.1677,-1.0,-1.0,-1
2025-08-19 05:05:00-04:00,1.1677,1.1677,1.16757,1.167635,-1.0,-1.0,-1
2025-08-19 05:06:00-04:00,1.167635,1.167655,1.167485,1.167485,-1.0,-1.0,-1
2025-08-19 05:07:00-04:00,1.167485,1.167485,1.16734,1.16737,-1.0,-1.0,-1
2025-08-19 05:08:00-04:00,1.16737,1.167435,1.16736,1.167365,-1.0,-1.0,-1
2025-08-19 05:09:00-04:00,1.167365,1.16748,1.16731,1.16746,-1.0,-1.0,-1
2025-08-19 05:10:00-04:00,1.16746,1.167525,1.167435,1.16751,-1.0,-1.0,-1
2025-08-19 05:11:00-04:00,1.16751,1.16753,1.16746,1.167475,-1.0,-1.0,-1
2025-08-19 05:12:00-04:00,1.167475,1.167525,1.16742,1.16749,-1.0,-1.0,-1
2025-08-19 05:13:00-04:00,1.16749,1.167545,1.16748,1.16753,-1.0,-1.0,-1
2025-08-19 05:14:00-04:00,1.16753,1.167645,1.16751,1.16758,-1.0,-1.0,-1
2025-08-19 05:15:00-04:00,1.16758,1.167585,1.167475,1.167475,-1.0,-1.0,-1
2025-08-19 05:16:00-04:00,1.167475,1.16749,1.167355,1.16738,-1.0,-1.0,-1
2025-08-19 05:17:00-04:00,1.16738,1.16743,1.167295,1.16736,-1.0,-1.0,-1
2025-08-19 05:18:00-04:00,1.16736,1.16738,1.16726,1.167355,-1.0,-1.0,-1
2025-08-19 05:19:00-04:00,1.167355,1.167475,1.167315,1.167435,-1.0,-1.0,-1
2025-08-19 05:20:00-04:00,1.167435,1.16758,1.16743,1.16757,-1.0,-1.0,-1
2025-08-19 05:21:00-04:00,1.16757,1.16757,1.16742,1.167485,-1.0,-1.0,-1
2025-08-19 05:22:00-04:00,1.167485,1.16758,1.16748,1.167575,-1.0,-1.0,-1
2025-08-19 05:23:00-04:00,1.167575,1.16758,1.167475,1.167475,-1.0,-1.0,-1
2025-08-19 05:24:00-04:00,1.167475,1.16749,1.16732,1.16744,-1.0,-1.0,-1
2025-08-19 05:25:00-04:00,1.16744,1.167575,1.16742,1.167565,-1.0,-1.0,-1
2025-08-19 05:26:00-04:00,1.167565,1.167575,1.167375,1.16742,-1.0,-1.0,-1
2025-08-19 05:27:00-04:00,1.16742,1.167465,1.167345,1.16739,-1.0,-1.0,-1
2025-08-19 05:28:00-04:00,1.16739,1.16747,1.16734,1.167435,-1.0,-1.0,-1
2025-08-19 05:29:00-04:00,1.167435,1.16758,1.167435,1.16756,-1.0,-1.0,-1
2025-08-19 05:30:00-04:00,1.16756,1.167675,1.16753,1.167665,-1.0,-1.0,-1
2025-08-19 05:31:00-04:00,1.167665,1.16768,1.16757,1.16764,-1.0,-1.0,-1
2025-08-19 05:32:00-04:00,1.16764,1.167705,1.167585,1.167625,-1.0,-1.0,-1
2025-08-19 05:33:00-04:00,1.167625,1.167715,1.16761,1.16761,-1.0,-1.0,-1
2025-08-19 05:34:00-04:00,1.16761,1.167615,1.167445,1.167465,-1.0,-1.0,-1
2025-08-19 05:35:00-04:00,1.167465,1.16753,1.16746,1.16751,-1.0,-1.0,-1
2025-08-19 05:36:00-04:00,1.16751,1.167695,1.16751,1.16762,-1.0,-1.0,-1
2025-08-19 05:37:00-04:00,1.16762,1.167675,1.16758,1.16762,-1.0,-1.0,-1
2025-08-19 05:38:00-04:00,1.16762,1.167675,1.167615,1.16766,-1.0,-1.0,-1
2025-08-19 05:39:00-04:00,1.16766,1.16768,1.16762,1.16767,-1.0,-1.0,-1
2025-08-19 05:40:00-04:00,1.16767,1.167755,1.16767,1.16773,-1.0,-1.0,-1
2025-08-19 05:41:00-04:00,1.16773,1.16773,1.16753,1.16757,-1.0,-1.0,-1
2025-08-19 05:42:00-04:00,1.16757,1.167575,1.167515,1.167565,-1.0,-1.0,-1
2025-08-19 05:43:00-04:00,1.167565,1.167585,1.16746,1.167585,-1.0,-1.0,-1
2025-08-19 05:44:00-04:00,1.167585,1.16768,1.167585,1.167635,-1.0,-1.0,-1
2025-08-19 05:45:00-04:00,1.167635,1.16764,1.167585,1.167625,-1.0,-1.0,-1
2025-08-19 05:46:00-04:00,1.167625,1.167695,1.16754,1.167575,-1.0,-1.0,-1
2025-08-19 05:47:00-04:00,1.167575,1.167575,1.167455,1.167475,-1.0,-1.0,-1
2025-08-19 05:48:00-04:00,1.167475,1.167555,1.167475,1.16752,-1.0,-1.0,-1
2025-08-19 05:49:00-04:00,1.16752,1.16762,1.167515,1.167595,-1.0,-1.0,-1
2025-08-19 05:50:00-04:00,1.167595,1.16787,1.167595,1.167795,-1.0,-1.0,-1
2025-08-19 05:51:00-04:00,1.167795,1.167835,1.16778,1.167805,-1.0,-1.0,-1
2025-08-19 05:52:00-04:00,1.167805,1.167895,1.167805,1.167885,-1.0,-1.0,-1
2025-08-19 05:53:00-04:00,1.167885,1.168025,1.16783,1.16799,-1.0,-1.0,-1
2025-08-19 05:54:00-04:00,1.16799,1.168095,1.16798,1.16805,-1.0,-1.0,-1
2025-08-19 05:55:00-04:00,1.16805,1.168155,1.168045,1.16814,-1.0,-1.0,-1
2025-08-19 05:56:00-04:00,1.16814,1.16823,1.16814,1.16814,-1.0,-1.0,-1
2025-08-19 05:57:00-04:00,1.16814,1.16819,1.16793,1.167975,-1.0,-1.0,-1
2025-08-19 05:58:00-04:00,1.167975,1.16802,1.167805,1.167825,-1.0,-1.0,-1
2025-08-19 05:59:00-04:00,1.167825,1.168025,1.167825,1.168025,-1.0,-1.0,-1
2025-08-19 06:00:00-04:00,1.168025,1.168085,1.167935,1.16808,-1.0,-1.0,-1
2025-08-19 06:01:00-04:00,1.16808,1.168145,1.16792,1.167995,-1.0,-1.0,-1
2025-08-19 06:02:00-04:00,1.167995,1.168145,1.16796,1.16801,-1.0,-1.0,-1
2025-08-19 06:03:00-04:00,1.16801,1.168145,1.168005,1.16813,-1.0,-1.0,-1
2025-08-19 06:04:00-04:00,1.16813,1.16814,1.167975,1.167975,-1.0,-1.0,-1
2025-08-19 06:05:00-04:00,1.167975,1.16818,1.167955,1.168145,-1.0,-1.0,-1
2025-08-19 06:06:00-04:00,1.168145,1.16831,1.168135,1.16827,-1.0,-1.0,-1
2025-08-19 06:07:00-04:00,1.16827,1.16828,1.168135,1.168255,-1.0,-1.0,-1
2025-08-19 06:08:00-04:00,1.168255,1.168285,1.168215,1.16823,-1.0,-1.0,-1
2025-08-19 06:09:00-04:00,1.16823,1.16823,1.168035,1.168065,-1.0,-1.0,-1
2025-08-19 06:10:00-04:00,1.168065,1.16818,1.168065,1.16818,-1.0,-1.0,-1
2025-08-19 06:11:00-04:00,1.16818,1.16818,1.1681,1.16812,-1.0,-1.0,-1
2025-08-19 06:12:00-04:00,1.16812,1.16827,1.168115,1.168245,-1.0,-1.0,-1
2025-08-19 06:13:00-04:00,1.168245,1.16831,1.16817,1.168275,-1.0,-1.0,-1
2025-08-19 06:14:00-04:00,1.168275,1.1683,1.168225,1.1683,-1.0,-1.0,-1
2025-08-19 06:15:00-04:00,1.1683,1.1683,1.16823,1.168285,-1.0,-1.0,-1
2025-08-19 06:16:00-04:00,1.168285,1.16837,1.16824,1.16837,-1.0,-1.0,-1
2025-08-19 06:17:00-04:00,1.16837,1.168405,1.168315,1.16839,-1.0,-1.0,-1
2025-08-19 06:18:00-04:00,1.16839,1.168445,1.168325,1.16838,-1.0,-1.0,-1
2025-08-19 06:19:00-04:00,1.16838,1.16859,1.16833,1.168585,-1.0,-1.0,-1
2025-08-19 06:20:00-04:00,1.168585,1.168835,1.168485,1.16883,-1.0,-1.0,-1
2025-08-19 06:21:00-04:00,1.16883,1.16884,1.168655,1.168665,-1.0,-1.0,-1
2025-08-19 06:22:00-04:00,1.168665,1.168835,1.168665,1.168785,-1.0,-1.0,-1
2025-08-19 06:23:00-04:00,1.168785,1.16902,1.16878,1.169,-1.0,-1.0,-1
2025-08-19 06:24:00-04:00,1.169,1.16901,1.168915,1.16896,-1.0,-1.0,-1
2025-08-19 06:25:00-04:00,1.16896,1.16913,1.16893,1.16908,-1.0,-1.0,-1
2025-08-19 06:26:00-04:00,1.16908,1.1692,1.169055,1.16918,-1.0,-1.0,-1
2025-08-19 06:27:00-04:00,1.16918,1.16922,1.169145,1.16918,-1.0,-1.0,-1
2025-08-19 06:28:00-04:00,1.16918,1.169185,1.169015,1.169075,-1.0,-1.0,-1
2025-08-19 06:29:00-04:00,1.169075,1.169155,1.16907,1.16907,-1.0,-1.0,-1
2025-08-19 06:30:00-04:00,1.16907,1.169115,1.16903,1.16904,-1.0,-1.0,-1
2025-08-19 06:31:00-04:00,1.16904,1.169085,1.16887,1.16887,-1.0,-1.0,-1
2025-08-19 06:32:00-04:00,1.16887,1.16887,1.16867,1.16867,-1.0,-1.0,-1
2025-08-19 06:33:00-04:00,1.16867,1.168725,1.16861,1.168675,-1.0,-1.0,-1
2025-08-19 06:34:00-04:00,1.168675,1.16878,1.168675,1.168725,-1.0,-1.0,-1
2025-08-19 06:35:00-04:00,1.168725,1.16874,1.16863,1.168675,-1.0,-1.0,-1
2025-08-19 06:36:00-04:00,1.168675,1.168785,1.168625,1.168625,-1.0,-1.0,-1
2025-08-19 06:37:00-04:00,1.168625,1.168785,1.168615,1.16873,-1.0,-1.0,-1
2025-08-19 06:38:00-04:00,1.16873,1.16888,1.16872,1.16887,-1.0,-1.0,-1
2025-08-19 06:39:00-04:00,1.16887,1.168875,1.16871,1.168715,-1.0,-1.0,-1
2025-08-19 06:40:00-04:00,1.168715,1.16873,1.168615,1.16862,-1.0,-1.0,-1
2025-08-19 06:41:00-04:00,1.16862,1.16863,1.16853,1.16862,-1.0,-1.0,-1
2025-08-19 06:42:00-04:00,1.16862,1.16863,1.16843,1.16855,-1.0,-1.0,-1
2025-08-19 06:43:00-04:00,1.16855,1.16857,1.1684,1.16851,-1.0,-1.0,-1
2025-08-19 06:44:00-04:00,1.16851,1.168575,1.168505,1.168575,-1.0,-1.0,-1
2025-08-19 06:45:00-04:00,1.168575,1.16865,1.16857,1.16862,-1.0,-1.0,-1
2025-08-19 06:46:00-04:00,1.16862,1.16863,1.16847,1.16848,-1.0,-1.0,-1
2025-08-19 06:47:00-04:00,1.16848,1.168575,1.16848,1.168575,-1.0,-1.0,-1
2025-08-19 06:48:00-04:00,1.168575,1.168725,1.168575,1.168705,-1.0,-1.0,-1
2025-08-19 06:49:00-04:00,1.168705,1.16875,1.168685,1.168735,-1.0,-1.0,-1
2025-08-19 06:50:00-04:00,1.168735,1.168835,1.16873,1.16878,-1.0,-1.0,-1
2025-08-19 06:51:00-04:00,1.16878,1.16884,1.16878,1.168835,-1.0,-1.0,-1
2025-08-19 06:52:00-04:00,1.168835,1.16885,1.168785,1.168835,-1.0,-1.0,-1
2025-08-19 06:53:00-04:00,1.168835,1.168895,1.16881,1.16884,-1.0,-1.0,-1
2025-08-19 06:54:00-04:00,1.16884,1.168875,1.16867,1.16867,-1.0,-1.0,-1
2025-08-19 06:55:00-04:00,1.16867,1.1687,1.16858,1.16869,-1.0,-1.0,-1
2025-08-19 06:56:00-04:00,1.16869,1.168755,1.168665,1.16874,-1.0,-1.0,-1
2025-08-19 06:57:00-04:00,1.16874,1.16881,1.168685,1.168795,-1.0,-1.0,-1
2025-08-19 06:58:00-04:00,1.168795,1.168805,1.168725,1.16879,-1.0,-1.0,-1
2025-08-19 06:59:00-04:00,1.16879,1.168885,1.16876,1.16887,-1.0,-1.0,-1
2025-08-19 07:00:00-04:00,1.16887,1.168955,1.16884,1.16888,-1.0,-1.0,-1
2025-08-19 07:01:00-04:00,1.16888,1.16894,1.16879,1.168855,-1.0,-1.0,-1
2025-08-19 07:02:00-04:00,1.168855,1.16897,1.168855,1.16896,-1.0,-1.0,-1
2025-08-19 07:03:00-04:00,1.16896,1.169275,1.16895,1.169225,-1.0,-1.0,-1
2025-08-19 07:04:00-04:00,1.169225,1.169225,1.169135,1.169185,-1.0,-1.0,-1
2025-08-19 07:05:00-04:00,1.169185,1.169245,1.169105,1.16921,-1.0,-1.0,-1
2025-08-19 07:06:00-04:00,1.16921,1.16928,1.169165,1.16923,-1.0,-1.0,-1
2025-08-19 07:07:00-04:00,1.16923,1.16927,1.169155,1.16919,-1.0,-1.0,-1
2025-08-19 07:08:00-04:00,1.16919,1.16929,1.16918,1.169205,-1.0,-1.0,-1
2025-08-19 07:09:00-04:00,1.169205,1.16923,1.16893,1.16897,-1.0,-1.0,-1
2025-08-19 07:10:00-04:00,1.16897,1.16898,1.16882,1.16884,-1.0,-1.0,-1
2025-08-19 07:11:00-04:00,1.16884,1.168875,1.168675,1.16868,-1.0,-1.0,-1
2025-08-19 07:12:00-04:00,1.16868,1.16869,1.16858,1.168685,-1.0,-1.0,-1
2025-08-19 07:13:00-04:00,1.168685,1.168885,1.16868,1.168885,-1.0,-1.0,-1
2025-08-19 07:14:00-04:00,1.168885,1.16893,1.16873,1.168835,-1.0,-1.0,-1
2025-08-19 07:15:00-04:00,1.168835,1.168955,1.168755,1.168755,-1.0,-1.0,-1
2025-08-19 07:16:00-04:00,1.168755,1.16889,1.16868,1.16877,-1.0,-1.0,-1
2025-08-19 07:17:00-04:00,1.16877,1.16877,1.168505,1.168525,-1.0,-1.0,-1
2025-08-19 07:18:00-04:00,1.168525,1.16871,1.168525,1.168705,-1.0,-1.0,-1
2025-08-19 07:19:00-04:00,1.168705,1.16885,1.168665,1.16885,-1.0,-1.0,-1
2025-08-19 07:20:00-04:00,1.16885,1.168935,1.16882,1.16893,-1.0,-1.0,-1
2025-08-19 07:21:00-04:00,1.16893,1.16893,1.168765,1.16879,-1.0,-1.0,-1
2025-08-19 07:22:00-04:00,1.16879,1.1688,1.16864,1.16869,-1.0,-1.0,-1
2025-08-19 07:23:00-04:00,1.16869,1.168715,1.16857,1.16868,-1.0,-1.0,-1
2025-08-19 07:24:00-04:00,1.16868,1.16868,1.16858,1.16862,-1.0,-1.0,-1
2025-08-19 07:25:00-04:00,1.16862,1.168635,1.168435,1.16847,-1.0,-1.0,-1
2025-08-19 07:26:00-04:00,1.16847,1.16849,1.168375,1.168485,-1.0,-1.0,-1
2025-08-19 07:27:00-04:00,1.168485,1.16849,1.168315,1.16832,-1.0,-1.0,-1
2025-08-19 07:28:00-04:00,1.16832,1.16838,1.16827,1.16833,-1.0,-1.0,-1
2025-08-19 07:29:00-04:00,1.16833,1.16836,1.168265,1.168265,-1.0,-1.0,-1
2025-08-19 07:30:00-04:00,1.168265,1.168275,1.16822,1.168225,-1.0,-1.0,-1
2025-08-19 07:31:00-04:00,1.168225,1.168235,1.168155,1.16817,-1.0,-1.0,-1
2025-08-19 07:32:00-04:00,1.16817,1.168225,1.168105,1.168135,-1.0,-1.0,-1
2025-08-19 07:33:00-04:00,1.168135,1.168145,1.168035,1.168065,-1.0,-1.0,-1
2025-08-19 07:34:00-04:00,1.168065,1.1681,1.168005,1.168045,-1.0,-1.0,-1
2025-08-19 07:35:00-04:00,1.168045,1.16823,1.168045,1.168155,-1.0,-1.0,-1
2025-08-19 07:36:00-04:00,1.168155,1.168195,1.1681,1.168115,-1.0,-1.0,-1
2025-08-19 07:37:00-04:00,1.168115,1.168295,1.168105,1.16822,-1.0,-1.0,-1
2025-08-19 07:38:00-04:00,1.16822,1.16832,1.16819,1.16831,-1.0,-1.0,-1
2025-08-19 07:39:00-04:00,1.16831,1.16837,1.168245,1.168285,-1.0,-1.0,-1
2025-08-19 07:40:00-04:00,1.168285,1.16831,1.168225,1.168305,-1.0,-1.0,-1
2025-08-19 07:41:00-04:00,1.168305,1.16831,1.16818,1.168205,-1.0,-1.0,-1
2025-08-19 07:42:00-04:00,1.168205,1.168225,1.16812,1.168145,-1.0,-1.0,-1
2025-08-19 07:43:00-04:00,1.168145,1.168315,1.16814,1.168285,-1.0,-1.0,-1
2025-08-19 07:44:00-04:00,1.168285,1.16831,1.168225,1.16829,-1.0,-1.0,-1
2025-08-19 07:45:00-04:00,1.16829,1.16829,1.168115,1.16824,-1.0,-1.0,-1
2025-08-19 07:46:00-04:00,1.16824,1.16832,1.168225,1.168275,-1.0,-1.0,-1
2025-08-19 07:47:00-04:00,1.168275,1.168395,1.16825,1.168365,-1.0,-1.0,-1
2025-08-19 07:48:00-04:00,1.168365,1.1685,1.168365,1.168415,-1.0,-1.0,-1
2025-08-19 07:49:00-04:00,1.168415,1.168535,1.16839,1.168535,-1.0,-1.0,-1
2025-08-19 07:50:00-04:00,1.168535,1.16858,1.168355,1.168375,-1.0,-1.0,-1
2025-08-19 07:51:00-04:00,1.168375,1.168575,1.168375,1.168545,-1.0,-1.0,-1
2025-08-19 07:52:00-04:00,1.168545,1.16856,1.168465,1.16852,-1.0,-1.0,-1
2025-08-19 07:53:00-04:00,1.16852,1.168545,1.16841,1.168415,-1.0,-1.0,-1
2025-08-19 07:54:00-04:00,1.168415,1.1685,1.16841,1.168465,-1.0,-1.0,-1
2025-08-19 07:55:00-04:00,1.168465,1.16848,1.16825,1.168265,-1.0,-1.0,-1
2025-08-19 07:56:00-04:00,1.168265,1.16863,1.168265,1.168575,-1.0,-1.0,-1
2025-08-19 07:57:00-04:00,1.168575,1.168615,1.168445,1.16851,-1.0,-1.0,-1
2025-08-19 07:58:00-04:00,1.16851,1.168635,1.16851,1.168575,-1.0,-1.0,-1
2025-08-19 07:59:00-04:00,1.168575,1.16861,1.16856,1.16857,-1.0,-1.0,-1
2025-08-19 08:00:00-04:00,1.16857,1.168625,1.168415,1.168415,-1.0,-1.0,-1
2025-08-19 08:01:00-04:00,1.168415,1.16857,1.168405,1.16851,-1.0,-1.0,-1
2025-08-19 08:02:00-04:00,1.16851,1.16863,1.168305,1.168305,-1.0,-1.0,-1
2025-08-19 08:03:00-04:00,1.168305,1.1684,1.168305,1.16835,-1.0,-1.0,-1
2025-08-19 08:04:00-04:00,1.16835,1.16841,1.16821,1.168305,-1.0,-1.0,-1
2025-08-19 08:05:00-04:00,1.168305,1.16831,1.167945,1.16795,-1.0,-1.0,-1
2025-08-19 08:06:00-04:00,1.16795,1.168095,1.16789,1.168015,-1.0,-1.0,-1
2025-08-19 08:07:00-04:00,1.168015,1.16806,1.16797,1.167975,-1.0,-1.0,-1
2025-08-19 08:08:00-04:00,1.167975,1.168265,1.16796,1.168265,-1.0,-1.0,-1
2025-08-19 08:09:00-04:00,1.168265,1.168415,1.16815,1.16824,-1.0,-1.0,-1
2025-08-19 08:10:00-04:00,1.16824,1.16836,1.16823,1.168305,-1.0,-1.0,-1
2025-08-19 08:11:00-04:00,1.168305,1.168415,1.168305,1.168385,-1.0,-1.0,-1
2025-08-19 08:12:00-04:00,1.168385,1.16843,1.16834,1.168355,-1.0,-1.0,-1
2025-08-19 08:13:00-04:00,1.168355,1.1685,1.16834,1.16848,-1.0,-1.0,-1
2025-08-19 08:14:00-04:00,1.16848,1.16857,1.168405,1.16856,-1.0,-1.0,-1
2025-08-19 08:15:00-04:00,1.16856,1.168755,1.16856,1.168685,-1.0,-1.0,-1
2025-08-19 08:16:00-04:00,1.168685,1.16869,1.168365,1.168415,-1.0,-1.0,-1
2025-08-19 08:17:00-04:00,1.168415,1.16862,1.168405,1.16856,-1.0,-1.0,-1
2025-08-19 08:18:00-04:00,1.16856,1.168615,1.16851,1.168615,-1.0,-1.0,-1
2025-08-19 08:19:00-04:00,1.168615,1.16881,1.168615,1.168665,-1.0,-1.0,-1
2025-08-19 08:20:00-04:00,1.168665,1.16868,1.168455,1.168495,-1.0,-1.0,-1
2025-08-19 08:21:00-04:00,1.168495,1.168615,1.16847,1.168495,-1.0,-1.0,-1
2025-08-19 08:22:00-04:00,1.168495,1.168505,1.168135,1.168155,-1.0,-1.0,-1
2025-08-19 08:23:00-04:00,1.168155,1.16822,1.16812,1.16815,-1.0,-1.0,-1
2025-08-19 08:24:00-04:00,1.16815,1.168185,1.168115,1.16815,-1.0,-1.0,-1
2025-08-19 08:25:00-04:00,1.16815,1.16823,1.168095,1.168225,-1.0,-1.0,-1
2025-08-19 08:26:00-04:00,1.168225,1.168345,1.168225,1.16831,-1.0,-1.0,-1
2025-08-19 08:27:00-04:00,1.16831,1.168415,1.168305,1.168415,-1.0,-1.0,-1
2025-08-19 08:28:00-04:00,1.168415,1.168415,1.16818,1.168185,-1.0,-1.0,-1
2025-08-19 08:29:00-04:00,1.168185,1.168195,1.168065,1.168125,-1.0,-1.0,-1
2025-08-19 08:30:00-04:00,1.168125,1.168195,1.16775,1.16778,-1.0,-1.0,-1
2025-08-19 08:31:00-04:00,1.16778,1.167835,1.167565,1.167715,-1.0,-1.0,-1
2025-08-19 08:32:00-04:00,1.167715,1.167805,1.167525,1.167535,-1.0,-1.0,-1
2025-08-19 08:33:00-04:00,1.167535,1.167535,1.167315,1.16744,-1.0,-1.0,-1
2025-08-19 08:34:00-04:00,1.16744,1.16754,1.16732,1.16753,-1.0,-1.0,-1
2025-08-19 08:35:00-04:00,1.16753,1.16762,1.16737,1.16762,-1.0,-1.0,-1
2025-08-19 08:36:00-04:00,1.16762,1.16782,1.167485,1.16774,-1.0,-1.0,-1
2025-08-19 08:37:00-04:00,1.16774,1.167795,1.167645,1.167655,-1.0,-1.0,-1
2025-08-19 08:38:00-04:00,1.167655,1.167735,1.16762,1.167625,-1.0,-1.0,-1
2025-08-19 08:39:00-04:00,1.167625,1.16793,1.167625,1.167825,-1.0,-1.0,-1
2025-08-19 08:40:00-04:00,1.167825,1.167935,1.167715,1.167925,-1.0,-1.0,-1
2025-08-19 08:41:00-04:00,1.167925,1.16809,1.167895,1.16808,-1.0,-1.0,-1
2025-08-19 08:42:00-04:00,1.16808,1.168085,1.167885,1.168025,-1.0,-1.0,-1
2025-08-19 08:43:00-04:00,1.168025,1.168025,1.16783,1.167855,-1.0,-1.0,-1
2025-08-19 08:44:00-04:00,1.167855,1.16797,1.167855,1.16796,-1.0,-1.0,-1
2025-08-19 08:45:00-04:00,1.16796,1.16805,1.167875,1.16803,-1.0,-1.0,-1
2025-08-19 08:46:00-04:00,1.16803,1.16805,1.167875,1.167915,-1.0,-1.0,-1
2025-08-19 08:47:00-04:00,1.167915,1.16792,1.167705,1.16773,-1.0,-1.0,-1
2025-08-19 08:48:00-04:00,1.16773,1.16777,1.167615,1.16775,-1.0,-1.0,-1
2025-08-19 08:49:00-04:00,1.16775,1.167765,1.167615,1.16776,-1.0,-1.0,-1
2025-08-19 08:50:00-04:00,1.16776,1.16789,1.167745,1.16783,-1.0,-1.0,-1
2025-08-19 08:51:00-04:00,1.16783,1.167925,1.167795,1.16782,-1.0,-1.0,-1
2025-08-19 08:52:00-04:00,1.16782,1.16783,1.16762,1.167665,-1.0,-1.0,-1
2025-08-19 08:53:00-04:00,1.167665,1.16767,1.16741,1.16752,-1.0,-1.0,-1
2025-08-19 08:54:00-04:00,1.16752,1.16767,1.167495,1.16762,-1.0,-1.0,-1
2025-08-19 08:55:00-04:00,1.16762,1.16775,1.167585,1.167605,-1.0,-1.0,-1
2025-08-19 08:56:00-04:00,1.167605,1.167645,1.16752,1.16758,-1.0,-1.0,-1
2025-08-19 08:57:00-04:00,1.16758,1.16775,1.167515,1.16757,-1.0,-1.0,-1
2025-08-19 08:58:00-04:00,1.16757,1.167755,1.16753,1.16771,-1.0,-1.0,-1
2025-08-19 08:59:00-04:00,1.16771,1.16775,1.167535,1.167565,-1.0,-1.0,-1
2025-08-19 09:00:00-04:00,1.167565,1.167725,1.16752,1.167685,-1.0,-1.0,-1
2025-08-19 09:01:00-04:00,1.167685,1.16783,1.167655,1.16777,-1.0,-1.0,-1
2025-08-19 09:02:00-04:00,1.16777,1.16777,1.16761,1.16773,-1.0,-1.0,-1
2025-08-19 09:03:00-04:00,1.16773,1.16773,1.16759,1.16762,-1.0,-1.0,-1
2025-08-19 09:04:00-04:00,1.16762,1.16778,1.16761,1.167705,-1.0,-1.0,-1
2025-08-19 09:05:00-04:00,1.167705,1.16771,1.16758,1.167625,-1.0,-1.0,-1
2025-08-19 09:06:00-04:00,1.167625,1.16773,1.16757,1.167595,-1.0,-1.0,-1
2025-08-19 09:07:00-04:00,1.167595,1.167615,1.16751,1.167615,-1.0,-1.0,-1
2025-08-19 09:08:00-04:00,1.167615,1.16768,1.16753,1.16757,-1.0,-1.0,-1
2025-08-19 09:09:00-04:00,1.16757,1.16768,1.16752,1.167605,-1.0,-1.0,-1
2025-08-19 09:10:00-04:00,1.167605,1.167695,1.16752,1.167525,-1.0,-1.0,-1
2025-08-19 09:11:00-04:00,1.167525,1.16758,1.167415,1.16745,-1.0,-1.0,-1
2025-08-19 09:12:00-04:00,1.16745,1.16747,1.167015,1.167065,-1.0,-1.0,-1
2025-08-19 09:13:00-04:00,1.167065,1.167135,1.16693,1.16696,-1.0,-1.0,-1
2025-08-19 09:14:00-04:00,1.16696,1.167275,1.16696,1.167185,-1.0,-1.0,-1
2025-08-19 09:15:00-04:00,1.167185,1.16752,1.167185,1.167515,-1.0,-1.0,-1
2025-08-19 09:16:00-04:00,1.167515,1.16772,1.167465,1.167655,-1.0,-1.0,-1
2025-08-19 09:17:00-04:00,1.167655,1.16769,1.167435,1.16751,-1.0,-1.0,-1
2025-08-19 09:18:00-04:00,1.16751,1.16757,1.16739,1.167425,-1.0,-1.0,-1
2025-08-19 09:19:00-04:00,1.167425,1.16743,1.16682,1.166985,-1.0,-1.0,-1
2025-08-19 09:20:00-04:00,1.166985,1.167135,1.16696,1.16709,-1.0,-1.0,-1
2025-08-19 09:21:00-04:00,1.16709,1.167115,1.16691,1.16692,-1.0,-1.0,-1
2025-08-19 09:22:00-04:00,1.16692,1.167025,1.166885,1.166885,-1.0,-1.0,-1
2025-08-19 09:23:00-04:00,1.166885,1.167025,1.166865,1.16692,-1.0,-1.0,-1
2025-08-19 09:24:00-04:00,1.16692,1.16727,1.16691,1.16724,-1.0,-1.0,-1
2025-08-19 09:25:00-04:00,1.16724,1.16727,1.167155,1.16726,-1.0,-1.0,-1
2025-08-19 09:26:00-04:00,1.16726,1.167355,1.16715,1.16735,-1.0,-1.0,-1
2025-08-19 09:27:00-04:00,1.16735,1.16748,1.167325,1.167355,-1.0,-1.0,-1
2025-08-19 09:28:00-04:00,1.167355,1.16736,1.167275,1.167305,-1.0,-1.0,-1
2025-08-19 09:29:00-04:00,1.167305,1.16743,1.167275,1.16742,-1.0,-1.0,-1
2025-08-19 09:30:00-04:00,1.16742,1.16746,1.167325,1.167415,-1.0,-1.0,-1
2025-08-19 09:31:00-04:00,1.167415,1.16748,1.167255,1.16744,-1.0,-1.0,-1
2025-08-19 09:32:00-04:00,1.16744,1.16744,1.16721,1.16727,-1.0,-1.0,-1
2025-08-19 09:33:00-04:00,1.16727,1.167365,1.16719,1.167295,-1.0,-1.0,-1
2025-08-19 09:34:00-04:00,1.167295,1.16756,1.16728,1.167535,-1.0,-1.0,-1
2025-08-19 09:35:00-04:00,1.167535,1.16767,1.16749,1.167525,-1.0,-1.0,-1
2025-08-19 09:36:00-04:00,1.167525,1.16776,1.167525,1.167715,-1.0,-1.0,-1
2025-08-19 09:37:00-04:00,1.167715,1.16777,1.16759,1.16762,-1.0,-1.0,-1
2025-08-19 09:38:00-04:00,1.16762,1.16767,1.16756,1.167665,-1.0,-1.0,-1
2025-08-19 09:39:00-04:00,1.167665,1.16769,1.16746,1.16762,-1.0,-1.0,-1
2025-08-19 09:40:00-04:00,1.16762,1.16768,1.167505,1.16752,-1.0,-1.0,-1
2025-08-19 09:41:00-04:00,1.16752,1.167585,1.16747,1.167475,-1.0,-1.0,-1
2025-08-19 09:42:00-04:00,1.167475,1.16748,1.167205,1.167265,-1.0,-1.0,-1
2025-08-19 09:43:00-04:00,1.167265,1.16727,1.167075,1.167095,-1.0,-1.0,-1
2025-08-19 09:44:00-04:00,1.167095,1.1673,1.167075,1.16727,-1.0,-1.0,-1
2025-08-19 09:45:00-04:00,1.16727,1.16747,1.16727,1.167445,-1.0,-1.0,-1
2025-08-19 09:46:00-04:00,1.167445,1.16757,1.16735,1.16742,-1.0,-1.0,-1
2025-08-19 09:47:00-04:00,1.16742,1.16757,1.167265,1.167475,-1.0,-1.0,-1
2025-08-19 09:48:00-04:00,1.167475,1.167715,1.167475,1.16771,-1.0,-1.0,-1
2025-08-19 09:49:00-04:00,1.16771,1.16779,1.167655,1.167725,-1.0,-1.0,-1
2025-08-19 09:50:00-04:00,1.167725,1.167735,1.16744,1.167455,-1.0,-1.0,-1
2025-08-19 09:51:00-04:00,1.167455,1.167565,1.167355,1.167545,-1.0,-1.0,-1
2025-08-19 09:52:00-04:00,1.167545,1.167575,1.167295,1.167335,-1.0,-1.0,-1
2025-08-19 09:53:00-04:00,1.167335,1.16746,1.167295,1.167375,-1.0,-1.0,-1
2025-08-19 09:54:00-04:00,1.167375,1.16745,1.167155,1.167315,-1.0,-1.0,-1
2025-08-19 09:55:00-04:00,1.167315,1.167455,1.167295,1.167395,-1.0,-1.0,-1
2025-08-19 09:56:00-04:00,1.167395,1.167535,1.167385,1.16753,-1.0,-1.0,-1
2025-08-19 09:57:00-04:00,1.16753,1.16764,1.16745,1.167575,-1.0,-1.0,-1
2025-08-19 09:58:00-04:00,1.167575,1.167645,1.16749,1.16758,-1.0,-1.0,-1
2025-08-19 09:59:00-04:00,1.16758,1.167655,1.16753,1.16764,-1.0,-1.0,-1
2025-08-19 10:00:00-04:00,1.16764,1.16777,1.16761,1.167705,-1.0,-1.0,-1
2025-08-19 10:01:00-04:00,1.167705,1.16775,1.167555,1.167625,-1.0,-1.0,-1
2025-08-19 10:02:00-04:00,1.167625,1.167735,1.167595,1.167625,-1.0,-1.0,-1
2025-08-19 10:03:00-04:00,1.167625,1.16764,1.16747,1.16759,-1.0,-1.0,-1
2025-08-19 10:04:00-04:00,1.16759,1.16759,1.16733,1.16735,-1.0,-1.0,-1
2025-08-19 10:05:00-04:00,1.16735,1.16743,1.16709,1.167385,-1.0,-1.0,-1
2025-08-19 10:06:00-04:00,1.167385,1.167395,1.16713,1.16713,-1.0,-1.0,-1
2025-08-19 10:07:00-04:00,1.16713,1.16729,1.167035,1.16727,-1.0,-1.0,-1
2025-08-19 10:08:00-04:00,1.16727,1.16755,1.16726,1.167365,-1.0,-1.0,-1
2025-08-19 10:09:00-04:00,1.167365,1.16739,1.167205,1.167265,-1.0,-1.0,-1
2025-08-19 10:10:00-04:00,1.167265,1.16727,1.16707,1.167255,-1.0,-1.0,-1
2025-08-19 10:11:00-04:00,1.167255,1.16735,1.167215,1.167295,-1.0,-1.0,-1
2025-08-19 10:12:00-04:00,1.167295,1.167345,1.166945,1.167065,-1.0,-1.0,-1
2025-08-19 10:13:00-04:00,1.167065,1.16718,1.16704,1.16709,-1.0,-1.0,-1
2025-08-19 10:14:00-04:00,1.16709,1.1671,1.16693,1.166945,-1.0,-1.0,-1
2025-08-19 10:15:00-04:00,1.166945,1.167055,1.166925,1.166955,-1.0,-1.0,-1
2025-08-19 10:16:00-04:00,1.166955,1.166965,1.16675,1.166825,-1.0,-1.0,-1
2025-08-19 10:17:00-04:00,1.166825,1.167005,1.166655,1.16697,-1.0,-1.0,-1
2025-08-19 10:18:00-04:00,1.16697,1.167,1.166815,1.166855,-1.0,-1.0,-1
2025-08-19 10:19:00-04:00,1.166855,1.166885,1.166675,1.16669,-1.0,-1.0,-1
2025-08-19 10:20:00-04:00,1.16669,1.16674,1.16657,1.166635,-1.0,-1.0,-1
2025-08-19 10:21:00-04:00,1.166635,1.166875,1.166605,1.16674,-1.0,-1.0,-1
2025-08-19 10:22:00-04:00,1.16674,1.16715,1.166725,1.167105,-1.0,-1.0,-1
2025-08-19 10:23:00-04:00,1.167105,1.167145,1.167005,1.167025,-1.0,-1.0,-1
2025-08-19 10:24:00-04:00,1.167025,1.16725,1.16702,1.167155,-1.0,-1.0,-1
2025-08-19 10:25:00-04:00,1.167155,1.16725,1.16705,1.16712,-1.0,-1.0,-1
2025-08-19 10:26:00-04:00,1.16712,1.167145,1.16706,1.16712,-1.0,-1.0,-1
2025-08-19 10:27:00-04:00,1.16712,1.16723,1.167045,1.16712,-1.0,-1.0,-1
2025-08-19 10:28:00-04:00,1.16712,1.167145,1.16697,1.16697,-1.0,-1.0,-1
2025-08-19 10:29:00-04:00,1.16697,1.16701,1.16691,1.16691,-1.0,-1.0,-1
2025-08-19 10:30:00-04:00,1.16691,1.16701,1.16672,1.16674,-1.0,-1.0,-1
2025-08-19 10:31:00-04:00,1.16674,1.16682,1.166625,1.166785,-1.0,-1.0,-1
2025-08-19 10:32:00-04:00,1.166785,1.16682,1.16653,1.16653,-1.0,-1.0,-1
2025-08-19 10:33:00-04:00,1.16653,1.166665,1.16651,1.166545,-1.0,-1.0,-1
2025-08-19 10:34:00-04:00,1.166545,1.16679,1.1665,1.166785,-1.0,-1.0,-1
2025-08-19 10:35:00-04:00,1.166785,1.16683,1.16663,1.166655,-1.0,-1.0,-1
2025-08-19 10:36:00-04:00,1.166655,1.166775,1.166555,1.166605,-1.0,-1.0,-1
2025-08-19 10:37:00-04:00,1.166605,1.166775,1.166595,1.16674,-1.0,-1.0,-1
2025-08-19 10:38:00-04:00,1.16674,1.16678,1.16662,1.16663,-1.0,-1.0,-1
2025-08-19 10:39:00-04:00,1.16663,1.16667,1.16651,1.166585,-1.0,-1.0,-1
2025-08-19 10:40:00-04:00,1.166585,1.166585,1.16651,1.16652,-1.0,-1.0,-1
2025-08-19 10:41:00-04:00,1.16652,1.16676,1.16651,1.16674,-1.0,-1.0,-1
2025-08-19 10:42:00-04:00,1.16674,1.16677,1.166665,1.16674,-1.0,-1.0,-1
2025-08-19 10:43:00-04:00,1.16674,1.16674,1.16657,1.166575,-1.0,-1.0,-1
2025-08-19 10:44:00-04:00,1.166575,1.166645,1.166505,1.166535,-1.0,-1.0,-1
2025-08-19 10:45:00-04:00,1.166535,1.16656,1.16639,1.166545,-1.0,-1.0,-1
2025-08-19 10:46:00-04:00,1.166545,1.166615,1.16644,1.166575,-1.0,-1.0,-1
2025-08-19 10:47:00-04:00,1.166575,1.1667,1.166455,1.16665,-1.0,-1.0,-1
2025-08-19 10:48:00-04:00,1.16665,1.1668,1.166565,1.166795,-1.0,-1.0,-1
2025-08-19 10:49:00-04:00,1.166795,1.166875,1.166695,1.166875,-1.0,-1.0,-1
2025-08-19 10:50:00-04:00,1.166875,1.166915,1.166715,1.166845,-1.0,-1.0,-1
2025-08-19 10:51:00-04:00,1.166845,1.167225,1.16684,1.167225,-1.0,-1.0,-1
2025-08-19 10:52:00-04:00,1.167225,1.16725,1.16694,1.166995,-1.0,-1.0,-1
2025-08-19 10:53:00-04:00,1.166995,1.167,1.166785,1.166935,-1.0,-1.0,-1
2025-08-19 10:54:00-04:00,1.166935,1.167095,1.166915,1.167005,-1.0,-1.0,-1
2025-08-19 10:55:00-04:00,1.167005,1.16714,1.16689,1.16694,-1.0,-1.0,-1
2025-08-19 10:56:00-04:00,1.16694,1.167345,1.16694,1.167285,-1.0,-1.0,-1
2025-08-19 10:57:00-04:00,1.167285,1.16734,1.16718,1.167275,-1.0,-1.0,-1
2025-08-19 10:58:00-04:00,1.167275,1.16736,1.16714,1.16728,-1.0,-1.0,-1
2025-08-19 10:59:00-04:00,1.16728,1.16731,1.167155,1.16722,-1.0,-1.0,-1
2025-08-19 11:00:00-04:00,1.16722,1.16725,1.167115,1.16718,-1.0,-1.0,-1
2025-08-19 11:01:00-04:00,1.16718,1.16731,1.167155,1.167305,-1.0,-1.0,-1
2025-08-19 11:02:00-04:00,1.167305,1.167305,1.16689,1.16689,-1.0,-1.0,-1
2025-08-19 11:03:00-04:00,1.16689,1.166905,1.166795,1.16686,-1.0,-1.0,-1
2025-08-19 11:04:00-04:00,1.16686,1.16686,1.16658,1.166745,-1.0,-1.0,-1
2025-08-19 11:05:00-04:00,1.166745,1.167,1.16663,1.166865,-1.0,-1.0,-1
2025-08-19 11:06:00-04:00,1.166865,1.167015,1.16668,1.16668,-1.0,-1.0,-1
2025-08-19 11:07:00-04:00,1.16668,1.1669,1.166625,1.166855,-1.0,-1.0,-1
2025-08-19 11:08:00-04:00,1.166855,1.167095,1.166775,1.16708,-1.0,-1.0,-1
2025-08-19 11:09:00-04:00,1.16708,1.16727,1.16708,1.167135,-1.0,-1.0,-1
2025-08-19 11:10:00-04:00,1.167135,1.167145,1.167,1.16705,-1.0,-1.0,-1
2025-08-19 11:11:00-04:00,1.16705,1.167255,1.167045,1.167225,-1.0,-1.0,-1
2025-08-19 11:12:00-04:00,1.167225,1.16735,1.167215,1.167275,-1.0,-1.0,-1
2025-08-19 11:13:00-04:00,1.167275,1.167535,1.167275,1.1675,-1.0,-1.0,-1
2025-08-19 11:14:00-04:00,1.1675,1.1675,1.167355,1.167435,-1.0,-1.0,-1
2025-08-19 11:15:00-04:00,1.167435,1.167445,1.167355,1.16737,-1.0,-1.0,-1
2025-08-19 11:16:00-04:00,1.16737,1.16755,1.167315,1.16736,-1.0,-1.0,-1
2025-08-19 11:17:00-04:00,1.16736,1.16739,1.16717,1.167185,-1.0,-1.0,-1
2025-08-19 11:18:00-04:00,1.167185,1.16722,1.16709,1.16712,-1.0,-1.0,-1
2025-08-19 11:19:00-04:00,1.16712,1.1673,1.16712,1.167275,-1.0,-1.0,-1
2025-08-19 11:20:00-04:00,1.167275,1.167315,1.167225,1.16723,-1.0,-1.0,-1
2025-08-19 11:21:00-04:00,1.16723,1.167275,1.167185,1.16724,-1.0,-1.0,-1
2025-08-19 11:22:00-04:00,1.16724,1.16732,1.167145,1.167205,-1.0,-1.0,-1
2025-08-19 11:23:00-04:00,1.167205,1.16725,1.167125,1.167175,-1.0,-1.0,-1
2025-08-19 11:24:00-04:00,1.167175,1.16718,1.16707,1.167105,-1.0,-1.0,-1
2025-08-19 11:25:00-04:00,1.167105,1.167105,1.166925,1.166985,-1.0,-1.0,-1
2025-08-19 11:26:00-04:00,1.166985,1.16701,1.16673,1.16673,-1.0,-1.0,-1
2025-08-19 11:27:00-04:00,1.16673,1.166975,1.16672,1.16696,-1.0,-1.0,-1
2025-08-19 11:28:00-04:00,1.16696,1.167125,1.16691,1.16709,-1.0,-1.0,-1
2025-08-19 11:29:00-04:00,1.16709,1.16711,1.166995,1.167015,-1.0,-1.0,-1
2025-08-19 11:30:00-04:00,1.167015,1.167035,1.166775,1.166795,-1.0,-1.0,-1
2025-08-19 11:31:00-04:00,1.166795,1.16683,1.16676,1.16678,-1.0,-1.0,-1
2025-08-19 11:32:00-04:00,1.16678,1.16683,1.166615,1.166635,-1.0,-1.0,-1
2025-08-19 11:33:00-04:00,1.166635,1.16682,1.166635,1.16672,-1.0,-1.0,-1
2025-08-19 11:34:00-04:00,1.16672,1.166795,1.16672,1.166745,-1.0,-1.0,-1
2025-08-19 11:35:00-04:00,1.166745,1.166755,1.16662,1.16668,-1.0,-1.0,-1
2025-08-19 11:36:00-04:00,1.16668,1.166685,1.166625,1.16665,-1.0,-1.0,-1
2025-08-19 11:37:00-04:00,1.16665,1.166685,1.166625,1.16668,-1.0,-1.0,-1
2025-08-19 11:38:00-04:00,1.16668,1.16668,1.16631,1.16634,-1.0,-1.0,-1
2025-08-19 11:39:00-04:00,1.16634,1.16634,1.166115,1.166175,-1.0,-1.0,-1
2025-08-19 11:40:00-04:00,1.166175,1.16621,1.16603,1.166185,-1.0,-1.0,-1
2025-08-19 11:41:00-04:00,1.166185,1.16629,1.166165,1.166185,-1.0,-1.0,-1
2025-08-19 11:42:00-04:00,1.166185,1.16623,1.16603,1.16609,-1.0,-1.0,-1
2025-08-19 11:43:00-04:00,1.16609,1.16627,1.166085,1.166255,-1.0,-1.0,-1
2025-08-19 11:44:00-04:00,1.166255,1.16629,1.16622,1.16625,-1.0,-1.0,-1
2025-08-19 11:45:00-04:00,1.16625,1.166345,1.166225,1.16634,-1.0,-1.0,-1
2025-08-19 11:46:00-04:00,1.16634,1.16634,1.16614,1.16626,-1.0,-1.0,-1
2025-08-19 11:47:00-04:00,1.16626,1.166265,1.166085,1.166095,-1.0,-1.0,-1
2025-08-19 11:48:00-04:00,1.166095,1.166155,1.165995,1.166135,-1.0,-1.0,-1
2025-08-19 11:49:00-04:00,1.166135,1.166135,1.16604,1.16613,-1.0,-1.0,-1
2025-08-19 11:50:00-04:00,1.16613,1.166245,1.16599,1.16603,-1.0,-1.0,-1
2025-08-19 11:51:00-04:00,1.16603,1.166295,1.16602,1.16613,-1.0,-1.0,-1
2025-08-19 11:52:00-04:00,1.16613,1.16629,1.16612,1.16624,-1.0,-1.0,-1
2025-08-19 11:53:00-04:00,1.16624,1.16624,1.16616,1.16619,-1.0,-1.0,-1
2025-08-19 11:54:00-04:00,1.16619,1.16636,1.16619,1.16634,-1.0,-1.0,-1
2025-08-19 11:55:00-04:00,1.16634,1.16646,1.16633,1.166385,-1.0,-1.0,-1
2025-08-19 11:56:00-04:00,1.166385,1.166415,1.166285,1.16638,-1.0,-1.0,-1
2025-08-19 11:57:00-04:00,1.16638,1.16641,1.16633,1.16634,-1.0,-1.0,-1
2025-08-19 11:58:00-04:00,1.16634,1.16634,1.165995,1.166035,-1.0,-1.0,-1
2025-08-19 11:59:00-04:00,1.166035,1.16608,1.165775,1.16587,-1.0,-1.0,-1
2025-08-19 12:00:00-04:00,1.16587,1.166255,1.16587,1.16616,-1.0,-1.0,-1
2025-08-19 12:01:00-04:00,1.16616,1.166265,1.166135,1.16617,-1.0,-1.0,-1
2025-08-19 12:02:00-04:00,1.16617,1.166275,1.16613,1.16624,-1.0,-1.0,-1
2025-08-19 12:03:00-04:00,1.16624,1.16628,1.166195,1.16625,-1.0,-1.0,-1
2025-08-19 12:04:00-04:00,1.16625,1.166275,1.166135,1.166145,-1.0,-1.0,-1
2025-08-19 12:05:00-04:00,1.166145,1.166265,1.16572,1.165855,-1.0,-1.0,-1
2025-08-19 12:06:00-04:00,1.165855,1.16598,1.165845,1.16592,-1.0,-1.0,-1
2025-08-19 12:07:00-04:00,1.16592,1.166,1.16589,1.16597,-1.0,-1.0,-1
2025-08-19 12:08:00-04:00,1.16597,1.1661,1.1659,1.16597,-1.0,-1.0,-1
2025-08-19 12:09:00-04:00,1.16597,1.166075,1.165935,1.166075,-1.0,-1.0,-1
2025-08-19 12:10:00-04:00,1.166075,1.16608,1.166035,1.16608,-1.0,-1.0,-1
2025-08-19 12:11:00-04:00,1.16608,1.166115,1.165955,1.166045,-1.0,-1.0,-1
2025-08-19 12:12:00-04:00,1.166045,1.166075,1.165955,1.165985,-1.0,-1.0,-1
2025-08-19 12:13:00-04:00,1.165985,1.166065,1.16593,1.165935,-1.0,-1.0,-1
2025-08-19 12:14:00-04:00,1.165935,1.166,1.165865,1.165945,-1.0,-1.0,-1
2025-08-19 12:15:00-04:00,1.165945,1.1662,1.165945,1.16618,-1.0,-1.0,-1
2025-08-19 12:16:00-04:00,1.16618,1.1663,1.16608,1.1663,-1.0,-1.0,-1
2025-08-19 12:17:00-04:00,1.1663,1.1663,1.16611,1.16612,-1.0,-1.0,-1
2025-08-19 12:18:00-04:00,1.16612,1.16624,1.16612,1.166205,-1.0,-1.0,-1
2025-08-19 12:19:00-04:00,1.166205,1.16631,1.166205,1.166295,-1.0,-1.0,-1
2025-08-19 12:20:00-04:00,1.166295,1.16632,1.166155,1.166225,-1.0,-1.0,-1
2025-08-19 12:21:00-04:00,1.166225,1.16628,1.16616,1.16616,-1.0,-1.0,-1
2025-08-19 12:22:00-04:00,1.16616,1.166225,1.16608,1.166125,-1.0,-1.0,-1
2025-08-19 12:23:00-04:00,1.166125,1.16616,1.166005,1.16601,-1.0,-1.0,-1
2025-08-19 12:24:00-04:00,1.16601,1.16601,1.16586,1.16588,-1.0,-1.0,-1
2025-08-19 12:25:00-04:00,1.16588,1.16591,1.165825,1.16583,-1.0,-1.0,-1
2025-08-19 12:26:00-04:00,1.16583,1.1659,1.165675,1.165675,-1.0,-1.0,-1
2025-08-19 12:27:00-04:00,1.165675,1.16577,1.16566,1.16572,-1.0,-1.0,-1
2025-08-19 12:28:00-04:00,1.16572,1.165745,1.16552,1.165575,-1.0,-1.0,-1
2025-08-19 12:29:00-04:00,1.165575,1.16562,1.16551,1.16552,-1.0,-1.0,-1
2025-08-19 12:30:00-04:00,1.16552,1.16563,1.165515,1.16562,-1.0,-1.0,-1
2025-08-19 12:31:00-04:00,1.16562,1.165675,1.165565,1.16557,-1.0,-1.0,-1
2025-08-19 12:32:00-04:00,1.16557,1.16562,1.165455,1.16547,-1.0,-1.0,-1
2025-08-19 12:33:00-04:00,1.16547,1.16554,1.16546,1.16546,-1.0,-1.0,-1
2025-08-19 12:34:00-04:00,1.16546,1.16559,1.16546,1.165585,-1.0,-1.0,-1
2025-08-19 12:35:00-04:00,1.165585,1.16578,1.165585,1.165735,-1.0,-1.0,-1
2025-08-19 12:36:00-04:00,1.165735,1.16606,1.16573,1.166035,-1.0,-1.0,-1
2025-08-19 12:37:00-04:00,1.166035,1.166045,1.166,1.16602,-1.0,-1.0,-1
2025-08-19 12:38:00-04:00,1.16602,1.16603,1.16588,1.165885,-1.0,-1.0,-1
2025-08-19 12:39:00-04:00,1.165885,1.16589,1.16553,1.165575,-1.0,-1.0,-1
2025-08-19 12:40:00-04:00,1.165575,1.16563,1.16551,1.165565,-1.0,-1.0,-1
2025-08-19 12:41:00-04:00,1.165565,1.16578,1.16552,1.16577,-1.0,-1.0,-1
2025-08-19 12:42:00-04:00,1.16577,1.16593,1.16573,1.16593,-1.0,-1.0,-1
2025-08-19 12:43:00-04:00,1.16593,1.16603,1.165925,1.165975,-1.0,-1.0,-1
2025-08-19 12:44:00-04:00,1.165975,1.16598,1.16587,1.16592,-1.0,-1.0,-1
2025-08-19 12:45:00-04:00,1.16592,1.16594,1.16588,1.16592,-1.0,-1.0,-1
2025-08-19 12:46:00-04:00,1.16592,1.16593,1.16586,1.16586,-1.0,-1.0,-1
2025-08-19 12:47:00-04:00,1.16586,1.166035,1.16586,1.166025,-1.0,-1.0,-1
2025-08-19 12:48:00-04:00,1.166025,1.166115,1.166025,1.16609,-1.0,-1.0,-1
2025-08-19 12:49:00-04:00,1.16609,1.16613,1.165985,1.165985,-1.0,-1.0,-1
2025-08-19 12:50:00-04:00,1.165985,1.166045,1.165925,1.16594,-1.0,-1.0,-1
2025-08-19 12:51:00-04:00,1.16594,1.165945,1.16577,1.165905,-1.0,-1.0,-1
2025-08-19 12:52:00-04:00,1.165905,1.16595,1.1657,1.165785,-1.0,-1.0,-1
2025-08-19 12:53:00-04:00,1.165785,1.165835,1.165715,1.165725,-1.0,-1.0,-1
2025-08-19 12:54:00-04:00,1.165725,1.165745,1.1657,1.165725,-1.0,-1.0,-1
2025-08-19 12:55:00-04:00,1.165725,1.165735,1.16563,1.16564,-1.0,-1.0,-1
2025-08-19 12:56:00-04:00,1.16564,1.16568,1.165495,1.165675,-1.0,-1.0,-1
2025-08-19 12:57:00-04:00,1.165675,1.16571,1.16559,1.165665,-1.0,-1.0,-1
2025-08-19 12:58:00-04:00,1.165665,1.165725,1.16563,1.165715,-1.0,-1.0,-1
2025-08-19 12:59:00-04:00,1.165715,1.16574,1.165625,1.16564,-1.0,-1.0,-1
2025-08-19 13:00:00-04:00,1.16564,1.16568,1.1656,1.165625,-1.0,-1.0,-1
2025-08-19 13:01:00-04:00,1.165625,1.165625,1.165475,1.165515,-1.0,-1.0,-1
2025-08-19 13:02:00-04:00,1.165515,1.1656,1.165455,1.165565,-1.0,-1.0,-1
2025-08-19 13:03:00-04:00,1.165565,1.16568,1.165565,1.165665,-1.0,-1.0,-1
2025-08-19 13:04:00-04:00,1.165665,1.16588,1.165635,1.165815,-1.0,-1.0,-1
2025-08-19 13:05:00-04:00,1.165815,1.165815,1.16569,1.165715,-1.0,-1.0,-1
2025-08-19 13:06:00-04:00,1.165715,1.16572,1.165655,1.165675,-1.0,-1.0,-1
2025-08-19 13:07:00-04:00,1.165675,1.165735,1.165655,1.165715,-1.0,-1.0,-1
2025-08-19 13:08:00-04:00,1.165715,1.16572,1.165635,1.165675,-1.0,-1.0,-1
2025-08-19 13:09:00-04:00,1.165675,1.16572,1.165655,1.16569,-1.0,-1.0,-1
2025-08-19 13:10:00-04:00,1.16569,1.16573,1.165665,1.165715,-1.0,-1.0,-1
2025-08-19 13:11:00-04:00,1.165715,1.16587,1.165715,1.165865,-1.0,-1.0,-1
2025-08-19 13:12:00-04:00,1.165865,1.16602,1.165835,1.166015,-1.0,-1.0,-1
2025-08-19 13:13:00-04:00,1.166015,1.166085,1.165955,1.16597,-1.0,-1.0,-1
2025-08-19 13:14:00-04:00,1.16597,1.16598,1.1658,1.16582,-1.0,-1.0,-1
2025-08-19 13:15:00-04:00,1.16582,1.165835,1.165765,1.16577,-1.0,-1.0,-1
2025-08-19 13:16:00-04:00,1.16577,1.165835,1.165765,1.16578,-1.0,-1.0,-1
2025-08-19 13:17:00-04:00,1.16578,1.16582,1.165775,1.1658,-1.0,-1.0,-1
2025-08-19 13:18:00-04:00,1.1658,1.1658,1.16569,1.16571,-1.0,-1.0,-1
2025-08-19 13:19:00-04:00,1.16571,1.16573,1.165635,1.16565,-1.0,-1.0,-1
2025-08-19 13:20:00-04:00,1.16565,1.16568,1.165625,1.165675,-1.0,-1.0,-1
2025-08-19 13:21:00-04:00,1.165675,1.16572,1.165635,1.165675,-1.0,-1.0,-1
2025-08-19 13:22:00-04:00,1.165675,1.1658,1.165665,1.165665,-1.0,-1.0,-1
2025-08-19 13:23:00-04:00,1.165665,1.16575,1.16565,1.165675,-1.0,-1.0,-1
2025-08-19 13:24:00-04:00,1.165675,1.16569,1.16562,1.16566,-1.0,-1.0,-1
2025-08-19 13:25:00-04:00,1.16566,1.16581,1.16566,1.16573,-1.0,-1.0,-1
2025-08-19 13:26:00-04:00,1.16573,1.16578,1.165665,1.165725,-1.0,-1.0,-1
2025-08-19 13:27:00-04:00,1.165725,1.165725,1.16564,1.16566,-1.0,-1.0,-1
2025-08-19 13:28:00-04:00,1.16566,1.165675,1.16562,1.165675,-1.0,-1.0,-1
2025-08-19 13:29:00-04:00,1.165675,1.165675,1.16563,1.16566,-1.0,-1.0,-1
2025-08-19 13:30:00-04:00,1.16566,1.165675,1.16562,1.16566,-1.0,-1.0,-1
2025-08-19 13:31:00-04:00,1.16566,1.165715,1.16563,1.16564,-1.0,-1.0,-1
2025-08-19 13:32:00-04:00,1.16564,1.165675,1.165565,1.165675,-1.0,-1.0,-1
2025-08-19 13:33:00-04:00,1.165675,1.16578,1.16566,1.16577,-1.0,-1.0,-1
2025-08-19 13:34:00-04:00,1.16577,1.165775,1.165675,1.165675,-1.0,-1.0,-1
2025-08-19 13:35:00-04:00,1.165675,1.165745,1.165675,1.16568,-1.0,-1.0,-1
2025-08-19 13:36:00-04:00,1.16568,1.165785,1.16568,1.16578,-1.0,-1.0,-1
2025-08-19 13:37:00-04:00,1.16578,1.165805,1.165765,1.16577,-1.0,-1.0,-1
2025-08-19 13:38:00-04:00,1.16577,1.16577,1.16569,1.165705,-1.0,-1.0,-1
2025-08-19 13:39:00-04:00,1.165705,1.165725,1.165635,1.165635,-1.0,-1.0,-1
2025-08-19 13:40:00-04:00,1.165635,1.165875,1.165595,1.16587,-1.0,-1.0,-1
2025-08-19 13:41:00-04:00,1.16587,1.165885,1.165725,1.16573,-1.0,-1.0,-1
2025-08-19 13:42:00-04:00,1.16573,1.16577,1.16562,1.165675,-1.0,-1.0,-1
2025-08-19 13:43:00-04:00,1.165675,1.165725,1.165675,1.16571,-1.0,-1.0,-1
2025-08-19 13:44:00-04:00,1.16571,1.165715,1.165675,1.16568,-1.0,-1.0,-1
2025-08-19 13:45:00-04:00,1.16568,1.16571,1.1656,1.165605,-1.0,-1.0,-1
2025-08-19 13:46:00-04:00,1.165605,1.165675,1.16556,1.16564,-1.0,-1.0,-1
2025-08-19 13:47:00-04:00,1.16564,1.16566,1.165565,1.16557,-1.0,-1.0,-1
2025-08-19 13:48:00-04:00,1.16557,1.165585,1.165465,1.165465,-1.0,-1.0,-1
2025-08-19 13:49:00-04:00,1.165465,1.16555,1.165465,1.16552,-1.0,-1.0,-1
2025-08-19 13:50:00-04:00,1.16552,1.165555,1.165475,1.16551,-1.0,-1.0,-1
2025-08-19 13:51:00-04:00,1.16551,1.165635,1.16551,1.16562,-1.0,-1.0,-1
2025-08-19 13:52:00-04:00,1.16562,1.165675,1.165605,1.16566,-1.0,-1.0,-1
2025-08-19 13:53:00-04:00,1.16566,1.165675,1.165585,1.165605,-1.0,-1.0,-1
2025-08-19 13:54:00-04:00,1.165605,1.16563,1.165505,1.16552,-1.0,-1.0,-1
2025-08-19 13:55:00-04:00,1.16552,1.165525,1.165465,1.165515,-1.0,-1.0,-1
2025-08-19 13:56:00-04:00,1.165515,1.165515,1.165295,1.16531,-1.0,-1.0,-1
2025-08-19 13:57:00-04:00,1.16531,1.16538,1.16531,1.165345,-1.0,-1.0,-1
2025-08-19 13:58:00-04:00,1.165345,1.16548,1.165345,1.16547,-1.0,-1.0,-1
2025-08-19 13:59:00-04:00,1.16547,1.165515,1.165465,1.16547,-1.0,-1.0,-1
2025-08-19 14:00:00-04:00,1.16547,1.16549,1.1654,1.16543,-1.0,-1.0,-1
2025-08-19 14:01:00-04:00,1.16543,1.165435,1.16535,1.16538,-1.0,-1.0,-1
2025-08-19 14:02:00-04:00,1.16538,1.16538,1.16529,1.1653,-1.0,-1.0,-1
2025-08-19 14:03:00-04:00,1.1653,1.16542,1.165285,1.165285,-1.0,-1.0,-1
2025-08-19 14:04:00-04:00,1.165285,1.165295,1.165235,1.16524,-1.0,-1.0,-1
2025-08-19 14:05:00-04:00,1.16524,1.16527,1.1652,1.165255,-1.0,-1.0,-1
2025-08-19 14:06:00-04:00,1.165255,1.165325,1.16525,1.16532,-1.0,-1.0,-1
2025-08-19 14:07:00-04:00,1.16532,1.1654,1.16526,1.1654,-1.0,-1.0,-1
2025-08-19 14:08:00-04:00,1.1654,1.165445,1.16528,1.16529,-1.0,-1.0,-1
2025-08-19 14:09:00-04:00,1.16529,1.165305,1.165225,1.16523,-1.0,-1.0,-1
2025-08-19 14:10:00-04:00,1.16523,1.16524,1.16512,1.165125,-1.0,-1.0,-1
2025-08-19 14:11:00-04:00,1.165125,1.16513,1.165065,1.16511,-1.0,-1.0,-1
2025-08-19 14:12:00-04:00,1.16511,1.16513,1.165105,1.16512,-1.0,-1.0,-1
2025-08-19 14:13:00-04:00,1.16512,1.165125,1.16507,1.16508,-1.0,-1.0,-1
2025-08-19 14:14:00-04:00,1.16508,1.16512,1.165025,1.165025,-1.0,-1.0,-1
2025-08-19 14:15:00-04:00,1.165025,1.16503,1.16495,1.16501,-1.0,-1.0,-1
2025-08-19 14:16:00-04:00,1.16501,1.16503,1.16493,1.164975,-1.0,-1.0,-1
2025-08-19 14:17:00-04:00,1.164975,1.16499,1.16493,1.164975,-1.0,-1.0,-1
2025-08-19 14:18:00-04:00,1.164975,1.164975,1.164865,1.164905,-1.0,-1.0,-1
2025-08-19 14:19:00-04:00,1.164905,1.164935,1.164865,1.16489,-1.0,-1.0,-1
2025-08-19 14:20:00-04:00,1.16489,1.16493,1.164855,1.16492,-1.0,-1.0,-1
2025-08-19 14:21:00-04:00,1.16492,1.16492,1.16482,1.16487,-1.0,-1.0,-1
2025-08-19 14:22:00-04:00,1.16487,1.16506,1.164845,1.165015,-1.0,-1.0,-1
2025-08-19 14:23:00-04:00,1.165015,1.16503,1.16498,1.16498,-1.0,-1.0,-1
2025-08-19 14:24:00-04:00,1.16498,1.165075,1.164965,1.16507,-1.0,-1.0,-1
2025-08-19 14:25:00-04:00,1.16507,1.165125,1.16489,1.1649,-1.0,-1.0,-1
2025-08-19 14:26:00-04:00,1.1649,1.165015,1.164875,1.164985,-1.0,-1.0,-1
2025-08-19 14:27:00-04:00,1.164985,1.16502,1.16491,1.164995,-1.0,-1.0,-1
2025-08-19 14:28:00-04:00,1.164995,1.165105,1.16498,1.16507,-1.0,-1.0,-1
2025-08-19 14:29:00-04:00,1.16507,1.165075,1.16503,1.16504,-1.0,-1.0,-1
2025-08-19 14:30:00-04:00,1.16504,1.16504,1.16496,1.16496,-1.0,-1.0,-1
2025-08-19 14:31:00-04:00,1.16496,1.164985,1.16491,1.164975,-1.0,-1.0,-1
2025-08-19 14:32:00-04:00,1.164975,1.16498,1.16492,1.16493,-1.0,-1.0,-1
2025-08-19 14:33:00-04:00,1.16493,1.16493,1.164715,1.16472,-1.0,-1.0,-1
2025-08-19 14:34:00-04:00,1.16472,1.16479,1.164715,1.16476,-1.0,-1.0,-1
2025-08-19 14:35:00-04:00,1.16476,1.16476,1.164715,1.164715,-1.0,-1.0,-1
2025-08-19 14:36:00-04:00,1.164715,1.164775,1.164705,1.16473,-1.0,-1.0,-1
2025-08-19 14:37:00-04:00,1.16473,1.164735,1.16466,1.164675,-1.0,-1.0,-1
2025-08-19 14:38:00-04:00,1.164675,1.164685,1.1646,1.16461,-1.0,-1.0,-1
2025-08-19 14:39:00-04:00,1.16461,1.164625,1.164525,1.16459,-1.0,-1.0,-1
2025-08-19 14:40:00-04:00,1.16459,1.164695,1.16458,1.164675,-1.0,-1.0,-1
2025-08-19 14:41:00-04:00,1.164675,1.16469,1.16452,1.164535,-1.0,-1.0,-1
2025-08-19 14:42:00-04:00,1.164535,1.164545,1.16451,1.164545,-1.0,-1.0,-1
2025-08-19 14:43:00-04:00,1.164545,1.164555,1.16436,1.16437,-1.0,-1.0,-1
2025-08-19 14:44:00-04:00,1.16437,1.164375,1.16426,1.164275,-1.0,-1.0,-1
2025-08-19 14:45:00-04:00,1.164275,1.164335,1.16424,1.16432,-1.0,-1.0,-1
2025-08-19 14:46:00-04:00,1.16432,1.164465,1.164315,1.164455,-1.0,-1.0,-1
2025-08-19 14:47:00-04:00,1.164455,1.164515,1.164415,1.164425,-1.0,-1.0,-1
2025-08-19 14:48:00-04:00,1.164425,1.16443,1.16434,1.16434,-1.0,-1.0,-1
2025-08-19 14:49:00-04:00,1.16434,1.164405,1.16426,1.16426,-1.0,-1.0,-1
2025-08-19 14:50:00-04:00,1.16426,1.16443,1.164255,1.164425,-1.0,-1.0,-1
2025-08-19 14:51:00-04:00,1.164425,1.16453,1.16442,1.16446,-1.0,-1.0,-1
2025-08-19 14:52:00-04:00,1.16446,1.164535,1.1644,1.164535,-1.0,-1.0,-1
2025-08-19 14:53:00-04:00,1.164535,1.16463,1.16451,1.16463,-1.0,-1.0,-1
2025-08-19 14:54:00-04:00,1.16463,1.164725,1.16463,1.164695,-1.0,-1.0,-1
2025-08-19 14:55:00-04:00,1.164695,1.16473,1.16467,1.16472,-1.0,-1.0,-1
2025-08-19 14:56:00-04:00,1.16472,1.16474,1.1647,1.16473,-1.0,-1.0,-1
2025-08-19 14:57:00-04:00,1.16473,1.16486,1.164715,1.164825,-1.0,-1.0,-1
2025-08-19 14:58:00-04:00,1.164825,1.164825,1.1647,1.16473,-1.0,-1.0,-1
2025-08-19 14:59:00-04:00,1.16473,1.16474,1.16461,1.164735,-1.0,-1.0,-1
2025-08-19 15:00:00-04:00,1.164735,1.164815,1.16464,1.16464,-1.0,-1.0,-1
2025-08-19 15:01:00-04:00,1.16464,1.16467,1.16459,1.164645,-1.0,-1.0,-1
2025-08-19 15:02:00-04:00,1.164645,1.164675,1.164485,1.16449,-1.0,-1.0,-1
2025-08-19 15:03:00-04:00,1.16449,1.16451,1.16446,1.164475,-1.0,-1.0,-1
2025-08-19 15:04:00-04:00,1.164475,1.164575,1.164465,1.16454,-1.0,-1.0,-1
2025-08-19 15:05:00-04:00,1.16454,1.164545,1.16446,1.164465,-1.0,-1.0,-1
2025-08-19 15:06:00-04:00,1.164465,1.164495,1.16446,1.16448,-1.0,-1.0,-1
2025-08-19 15:07:00-04:00,1.16448,1.16455,1.16448,1.164495,-1.0,-1.0,-1
2025-08-19 15:08:00-04:00,1.164495,1.16453,1.16445,1.164455,-1.0,-1.0,-1
2025-08-19 15:09:00-04:00,1.164455,1.164455,1.164315,1.164325,-1.0,-1.0,-1
2025-08-19 15:10:00-04:00,1.164325,1.164405,1.164315,1.16432,-1.0,-1.0,-1
2025-08-19 15:11:00-04:00,1.16432,1.16433,1.16431,1.16433,-1.0,-1.0,-1
2025-08-19 15:12:00-04:00,1.16433,1.164495,1.164285,1.164375,-1.0,-1.0,-1
2025-08-19 15:13:00-04:00,1.164375,1.16443,1.16426,1.164315,-1.0,-1.0,-1
2025-08-19 15:14:00-04:00,1.164315,1.164415,1.164315,1.164375,-1.0,-1.0,-1
2025-08-19 15:15:00-04:00,1.164375,1.164385,1.16437,1.16437,-1.0,-1.0,-1
2025-08-19 15:16:00-04:00,1.16437,1.164385,1.16436,1.164365,-1.0,-1.0,-1
2025-08-19 15:17:00-04:00,1.164365,1.164385,1.16436,1.164365,-1.0,-1.0,-1
2025-08-19 15:18:00-04:00,1.164365,1.16443,1.16436,1.164375,-1.0,-1.0,-1
2025-08-19 15:19:00-04:00,1.164375,1.16448,1.164375,1.16448,-1.0,-1.0,-1
2025-08-19 15:20:00-04:00,1.16448,1.164485,1.1644,1.16446,-1.0,-1.0,-1
2025-08-19 15:21:00-04:00,1.16446,1.16454,1.16446,1.164535,-1.0,-1.0,-1
2025-08-19 15:22:00-04:00,1.164535,1.16454,1.16443,1.16443,-1.0,-1.0,-1
2025-08-19 15:23:00-04:00,1.16443,1.164465,1.164425,1.164425,-1.0,-1.0,-1
2025-08-19 15:24:00-04:00,1.164425,1.16447,1.16442,1.164465,-1.0,-1.0,-1
2025-08-19 15:25:00-04:00,1.164465,1.16473,1.164465,1.16465,-1.0,-1.0,-1
2025-08-19 15:26:00-04:00,1.16465,1.164685,1.164625,1.164665,-1.0,-1.0,-1
2025-08-19 15:27:00-04:00,1.164665,1.16472,1.164665,1.1647,-1.0,-1.0,-1
2025-08-19 15:28:00-04:00,1.1647,1.16477,1.16469,1.164725,-1.0,-1.0,-1
2025-08-19 15:29:00-04:00,1.164725,1.164775,1.164715,1.16476,-1.0,-1.0,-1
2025-08-19 15:30:00-04:00,1.16476,1.16476,1.164605,1.164615,-1.0,-1.0,-1
2025-08-19 15:31:00-04:00,1.164615,1.164715,1.164615,1.16469,-1.0,-1.0,-1
2025-08-19 15:32:00-04:00,1.16469,1.16471,1.16464,1.16466,-1.0,-1.0,-1
2025-08-19 15:33:00-04:00,1.16466,1.16472,1.16466,1.16468,-1.0,-1.0,-1
2025-08-19 15:34:00-04:00,1.16468,1.164735,1.164675,1.16472,-1.0,-1.0,-1
2025-08-19 15:35:00-04:00,1.16472,1.164765,1.164685,1.164705,-1.0,-1.0,-1
2025-08-19 15:36:00-04:00,1.164705,1.164715,1.16468,1.164685,-1.0,-1.0,-1
2025-08-19 15:37:00-04:00,1.164685,1.164685,1.164615,1.164625,-1.0,-1.0,-1
2025-08-19 15:38:00-04:00,1.164625,1.16463,1.16458,1.16459,-1.0,-1.0,-1
2025-08-19 15:39:00-04:00,1.16459,1.164625,1.164585,1.1646,-1.0,-1.0,-1
2025-08-19 15:40:00-04:00,1.1646,1.164605,1.16458,1.16459,-1.0,-1.0,-1
2025-08-19 15:41:00-04:00,1.16459,1.164635,1.16457,1.164625,-1.0,-1.0,-1
2025-08-19 15:42:00-04:00,1.164625,1.16469,1.16462,1.16468,-1.0,-1.0,-1
2025-08-19 15:43:00-04:00,1.16468,1.16473,1.16467,1.164675,-1.0,-1.0,-1
2025-08-19 15:44:00-04:00,1.164675,1.16472,1.164675,1.16471,-1.0,-1.0,-1
2025-08-19 15:45:00-04:00,1.16471,1.164715,1.16461,1.16468,-1.0,-1.0,-1
2025-08-19 15:46:00-04:00,1.16468,1.164715,1.16467,1.16468,-1.0,-1.0,-1
2025-08-19 15:47:00-04:00,1.16468,1.164715,1.16465,1.164715,-1.0,-1.0,-1
2025-08-19 15:48:00-04:00,1.164715,1.16472,1.16469,1.164715,-1.0,-1.0,-1
2025-08-19 15:49:00-04:00,1.164715,1.16472,1.164685,1.164685,-1.0,-1.0,-1
2025-08-19 15:50:00-04:00,1.164685,1.164715,1.16466,1.164695,-1.0,-1.0,-1
2025-08-19 15:51:00-04:00,1.164695,1.164715,1.164665,1.16468,-1.0,-1.0,-1
2025-08-19 15:52:00-04:00,1.16468,1.164755,1.164675,1.16474,-1.0,-1.0,-1
2025-08-19 15:53:00-04:00,1.16474,1.16477,1.16469,1.16473,-1.0,-1.0,-1
2025-08-19 15:54:00-04:00,1.16473,1.16476,1.16468,1.16475,-1.0,-1.0,-1
2025-08-19 15:55:00-04:00,1.16475,1.16477,1.16472,1.16474,-1.0,-1.0,-1
2025-08-19 15:56:00-04:00,1.16474,1.164775,1.164685,1.164715,-1.0,-1.0,-1
2025-08-19 15:57:00-04:00,1.164715,1.16477,1.16468,1.16468,-1.0,-1.0,-1
2025-08-19 15:58:00-04:00,1.16468,1.16473,1.164645,1.16467,-1.0,-1.0,-1
2025-08-19 15:59:00-04:00,1.16467,1.164685,1.164635,1.164645,-1.0,-1.0,-1
2025-08-19 16:00:00-04:00,1.164645,1.1647,1.164545,1.16461,-1.0,-1.0,-1
2025-08-19 16:01:00-04:00,1.16461,1.16468,1.164485,1.16449,-1.0,-1.0,-1
2025-08-19 16:02:00-04:00,1.16449,1.164625,1.16448,1.164625,-1.0,-1.0,-1
2025-08-19 16:03:00-04:00,1.164625,1.16463,1.16459,1.1646,-1.0,-1.0,-1
2025-08-19 16:04:00-04:00,1.1646,1.16468,1.16459,1.164675,-1.0,-1.0,-1
2025-08-19 16:05:00-04:00,1.164675,1.16473,1.16467,1.16473,-1.0,-1.0,-1
2025-08-19 16:06:00-04:00,1.16473,1.164765,1.164695,1.164695,-1.0,-1.0,-1
2025-08-19 16:07:00-04:00,1.164695,1.164745,1.164695,1.164735,-1.0,-1.0,-1
2025-08-19 16:08:00-04:00,1.164735,1.16476,1.16472,1.16475,-1.0,-1.0,-1
2025-08-19 16:09:00-04:00,1.16475,1.16477,1.16475,1.16476,-1.0,-1.0,-1
2025-08-19 16:10:00-04:00,1.16476,1.16477,1.164685,1.16469,-1.0,-1.0,-1
2025-08-19 16:11:00-04:00,1.16469,1.16471,1.16468,1.164685,-1.0,-1.0,-1
2025-08-19 16:12:00-04:00,1.164685,1.1647,1.1646,1.16464,-1.0,-1.0,-1
2025-08-19 16:13:00-04:00,1.16464,1.16464,1.16461,1.164625,-1.0,-1.0,-1
2025-08-19 16:14:00-04:00,1.164625,1.16463,1.164625,1.164625,-1.0,-1.0,-1
2025-08-19 16:15:00-04:00,1.164625,1.164665,1.164595,1.16466,-1.0,-1.0,-1
2025-08-19 16:16:00-04:00,1.16466,1.164685,1.16464,1.16466,-1.0,-1.0,-1
2025-08-19 16:17:00-04:00,1.16466,1.164685,1.16465,1.16466,-1.0,-1.0,-1
2025-08-19 16:18:00-04:00,1.16466,1.164685,1.164645,1.164665,-1.0,-1.0,-1
2025-08-19 16:19:00-04:00,1.164665,1.164685,1.164645,1.16466,-1.0,-1.0,-1
2025-08-19 16:20:00-04:00,1.16466,1.16468,1.16464,1.16466,-1.0,-1.0,-1
2025-08-19 16:21:00-04:00,1.16466,1.16466,1.16458,1.1646,-1.0,-1.0,-1
2025-08-19 16:22:00-04:00,1.1646,1.164605,1.164555,1.164575,-1.0,-1.0,-1
2025-08-19 16:23:00-04:00,1.164575,1.164585,1.16454,1.16454,-1.0,-1.0,-1
2025-08-19 16:24:00-04:00,1.16454,1.16457,1.164535,1.164555,-1.0,-1.0,-1
2025-08-19 16:25:00-04:00,1.164555,1.164575,1.16454,1.16457,-1.0,-1.0,-1
2025-08-19 16:26:00-04:00,1.16457,1.16462,1.16457,1.16461,-1.0,-1.0,-1
2025-08-19 16:27:00-04:00,1.16461,1.16462,1.16456,1.16461,-1.0,-1.0,-1
2025-08-19 16:28:00-04:00,1.16461,1.164635,1.16461,1.164625,-1.0,-1.0,-1
2025-08-19 16:29:00-04:00,1.164625,1.164625,1.16454,1.164575,-1.0,-1.0,-1
2025-08-19 16:30:00-04:00,1.164575,1.164605,1.164575,1.164605,-1.0,-1.0,-1
2025-08-19 16:31:00-04:00,1.164605,1.164605,1.164545,1.16456,-1.0,-1.0,-1
2025-08-19 16:32:00-04:00,1.16456,1.164595,1.16456,1.16456,-1.0,-1.0,-1
2025-08-19 16:33:00-04:00,1.16456,1.16463,1.16456,1.16463,-1.0,-1.0,-1
2025-08-19 16:34:00-04:00,1.16463,1.16469,1.164625,1.16469,-1.0,-1.0,-1
2025-08-19 16:35:00-04:00,1.16469,1.16481,1.16468,1.164795,-1.0,-1.0,-1
2025-08-19 16:36:00-04:00,1.164795,1.164795,1.164635,1.164635,-1.0,-1.0,-1
2025-08-19 16:37:00-04:00,1.164635,1.164645,1.16461,1.16462,-1.0,-1.0,-1
2025-08-19 16:38:00-04:00,1.16462,1.16464,1.16461,1.164635,-1.0,-1.0,-1
2025-08-19 16:39:00-04:00,1.164635,1.16466,1.164575,1.164625,-1.0,-1.0,-1
2025-08-19 16:40:00-04:00,1.164625,1.164625,1.164545,1.16458,-1.0,-1.0,-1
2025-08-19 16:41:00-04:00,1.16458,1.164795,1.164575,1.164705,-1.0,-1.0,-1
2025-08-19 16:42:00-04:00,1.164705,1.16471,1.16462,1.164625,-1.0,-1.0,-1
2025-08-19 16:43:00-04:00,1.164625,1.16469,1.164625,1.16467,-1.0,-1.0,-1
2025-08-19 16:44:00-04:00,1.16467,1.16472,1.164665,1.16467,-1.0,-1.0,-1
2025-08-19 16:45:00-04:00,1.16467,1.16474,1.16467,1.1647,-1.0,-1.0,-1
2025-08-19 16:46:00-04:00,1.1647,1.164715,1.16464,1.164695,-1.0,-1.0,-1
2025-08-19 16:47:00-04:00,1.164695,1.164755,1.164685,1.16469,-1.0,-1.0,-1
2025-08-19 16:48:00-04:00,1.16469,1.1647,1.16463,1.164635,-1.0,-1.0,-1
2025-08-19 16:49:00-04:00,1.164635,1.164655,1.16461,1.164625,-1.0,-1.0,-1
2025-08-19 16:50:00-04:00,1.164625,1.164655,1.164585,1.164615,-1.0,-1.0,-1
2025-08-19 16:51:00-04:00,1.164615,1.164625,1.164575,1.164575,-1.0,-1.0,-1
2025-08-19 16:52:00-04:00,1.164575,1.16463,1.164485,1.16454,-1.0,-1.0,-1
2025-08-19 16:53:00-04:00,1.16454,1.16462,1.16449,1.164525,-1.0,-1.0,-1
2025-08-19 16:54:00-04:00,1.164525,1.164655,1.164525,1.164655,-1.0,-1.0,-1
2025-08-19 16:55:00-04:00,1.164655,1.164745,1.164645,1.16473,-1.0,-1.0,-1
2025-08-19 16:56:00-04:00,1.16473,1.16475,1.164705,1.16471,-1.0,-1.0,-1
2025-08-19 16:57:00-04:00,1.16471,1.164775,1.164685,1.164685,-1.0,-1.0,-1
2025-08-19 16:58:00-04:00,1.164685,1.1647,1.16463,1.164695,-1.0,-1.0,-1
2025-08-19 16:59:00-04:00,1.164695,1.164695,1.16457,1.16467,-1.0,-1.0,-1
2025-08-19 17:15:00-04:00,1.164985,1.16502,1.164975,1.16498,-1.0,-1.0,-1
2025-08-19 17:16:00-04:00,1.16498,1.1651,1.16498,1.165045,-1.0,-1.0,-1
2025-08-19 17:17:00-04:00,1.16504,1.165055,1.16504,1.16504,-1.0,-1.0,-1
2025-08-19 17:18:00-04:00,1.16504,1.16506,1.16504,1.16504,-1.0,-1.0,-1
2025-08-19 17:19:00-04:00,1.16504,1.165085,1.16504,1.16508,-1.0,-1.0,-1
2025-08-19 17:20:00-04:00,1.165085,1.165085,1.1649,1.16499,-1.0,-1.0,-1
2025-08-19 17:21:00-04:00,1.16499,1.165015,1.1649,1.16497,-1.0,-1.0,-1
2025-08-19 17:22:00-04:00,1.16497,1.16501,1.164885,1.164895,-1.0,-1.0,-1
2025-08-19 17:23:00-04:00,1.164895,1.164895,1.164885,1.164885,-1.0,-1.0,-1
2025-08-19 17:24:00-04:00,1.164885,1.164915,1.16487,1.164915,-1.0,-1.0,-1
2025-08-19 17:25:00-04:00,1.16491,1.164945,1.1649,1.16494,-1.0,-1.0,-1
2025-08-19 17:26:00-04:00,1.16494,1.16494,1.164935,1.164935,-1.0,-1.0,-1
2025-08-19 17:27:00-04:00,1.164935,1.16495,1.16493,1.164935,-1.0,-1.0,-1
2025-08-19 17:28:00-04:00,1.164935,1.165005,1.164935,1.164975,-1.0,-1.0,-1
2025-08-19 17:29:00-04:00,1.164975,1.165015,1.16489,1.164895,-1.0,-1.0,-1
2025-08-19 17:30:00-04:00,1.164895,1.164965,1.16482,1.164905,-1.0,-1.0,-1
2025-08-19 17:31:00-04:00,1.16491,1.16498,1.16484,1.16497,-1.0,-1.0,-1
2025-08-19 17:32:00-04:00,1.16497,1.164975,1.16483,1.16495,-1.0,-1.0,-1
2025-08-19 17:33:00-04:00,1.16495,1.16495,1.164565,1.16466,-1.0,-1.0,-1
2025-08-19 17:34:00-04:00,1.16466,1.16466,1.164515,1.1646,-1.0,-1.0,-1
2025-08-19 17:35:00-04:00,1.1646,1.164645,1.16453,1.164645,-1.0,-1.0,-1
2025-08-19 17:36:00-04:00,1.164645,1.16468,1.16453,1.16461,-1.0,-1.0,-1
2025-08-19 17:37:00-04:00,1.16461,1.16473,1.164515,1.164635,-1.0,-1.0,-1
2025-08-19 17:38:00-04:00,1.164635,1.16465,1.164575,1.164575,-1.0,-1.0,-1
2025-08-19 17:39:00-04:00,1.164575,1.16463,1.16454,1.16455,-1.0,-1.0,-1
2025-08-19 17:40:00-04:00,1.16455,1.164665,1.16455,1.164595,-1.0,-1.0,-1
2025-08-19 17:41:00-04:00,1.1646,1.16462,1.16455,1.164595,-1.0,-1.0,-1
2025-08-19 17:42:00-04:00,1.1646,1.16468,1.16455,1.164595,-1.0,-1.0,-1
2025-08-19 17:43:00-04:00,1.164595,1.164625,1.16455,1.16455,-1.0,-1.0,-1
2025-08-19 17:44:00-04:00,1.16455,1.16462,1.16455,1.16458,-1.0,-1.0,-1
2025-08-19 17:45:00-04:00,1.16458,1.164615,1.16455,1.1646,-1.0,-1.0,-1
2025-08-19 17:46:00-04:00,1.164595,1.164615,1.16453,1.164605,-1.0,-1.0,-1
2025-08-19 17:47:00-04:00,1.1646,1.16462,1.16455,1.1646,-1.0,-1.0,-1
2025-08-19 17:48:00-04:00,1.1646,1.164765,1.164545,1.16464,-1.0,-1.0,-1
2025-08-19 17:49:00-04:00,1.16464,1.16464,1.16452,1.164545,-1.0,-1.0,-1
2025-08-19 17:50:00-04:00,1.164545,1.16458,1.164545,1.16458,-1.0,-1.0,-1
2025-08-19 17:51:00-04:00,1.16458,1.1648,1.164545,1.16472,-1.0,-1.0,-1
2025-08-19 17:52:00-04:00,1.16472,1.164775,1.164595,1.164665,-1.0,-1.0,-1
2025-08-19 17:53:00-04:00,1.164665,1.164725,1.16455,1.164615,-1.0,-1.0,-1
2025-08-19 17:54:00-04:00,1.164615,1.16468,1.16454,1.164565,-1.0,-1.0,-1
2025-08-19 17:55:00-04:00,1.16456,1.16477,1.164555,1.16472,-1.0,-1.0,-1
2025-08-19 17:56:00-04:00,1.16472,1.16477,1.16467,1.16477,-1.0,-1.0,-1
2025-08-19 17:57:00-04:00,1.16477,1.16477,1.16475,1.16475,-1.0,-1.0,-1
2025-08-19 17:58:00-04:00,1.16475,1.16476,1.16475,1.16476,-1.0,-1.0,-1
2025-08-19 17:59:00-04:00,1.16476,1.164825,1.16445,1.164745,-1.0,-1.0,-1
2025-08-19 18:00:00-04:00,1.164745,1.164795,1.16458,1.16467,-1.0,-1.0,-1
2025-08-19 18:01:00-04:00,1.16467,1.164715,1.16466,1.16467,-1.0,-1.0,-1
2025-08-19 18:02:00-04:00,1.16467,1.164675,1.16448,1.164495,-1.0,-1.0,-1
2025-08-19 18:03:00-04:00,1.164495,1.164625,1.164495,1.164615,-1.0,-1.0,-1
2025-08-19 18:04:00-04:00,1.164615,1.164625,1.1646,1.164625,-1.0,-1.0,-1
2025-08-19 18:05:00-04:00,1.164625,1.164765,1.164625,1.16472,-1.0,-1.0,-1
2025-08-19 18:06:00-04:00,1.16472,1.164775,1.16472,1.16476,-1.0,-1.0,-1
2025-08-19 18:07:00-04:00,1.16476,1.16482,1.16476,1.164815,-1.0,-1.0,-1
2025-08-19 18:08:00-04:00,1.164815,1.16482,1.164815,1.164815,-1.0,-1.0,-1
2025-08-19 18:09:00-04:00,1.164815,1.16484,1.164815,1.16483,-1.0,-1.0,-1
2025-08-19 18:10:00-04:00,1.16483,1.164835,1.164815,1.16482,-1.0,-1.0,-1
2025-08-19 18:11:00-04:00,1.16482,1.164835,1.16478,1.164785,-1.0,-1.0,-1
2025-08-19 18:12:00-04:00,1.164785,1.16479,1.16476,1.16478,-1.0,-1.0,-1
2025-08-19 18:13:00-04:00,1.16478,1.164885,1.16475,1.164885,-1.0,-1.0,-1
2025-08-19 18:14:00-04:00,1.164885,1.164885,1.164855,1.164865,-1.0,-1.0,-1
2025-08-19 18:15:00-04:00,1.164865,1.16489,1.16481,1.16489,-1.0,-1.0,-1
2025-08-19 18:16:00-04:00,1.16489,1.1649,1.16487,1.16488,-1.0,-1.0,-1
2025-08-19 18:17:00-04:00,1.16488,1.16489,1.164855,1.164855,-1.0,-1.0,-1
2025-08-19 18:18:00-04:00,1.164855,1.164855,1.16482,1.16482,-1.0,-1.0,-1
2025-08-19 18:19:00-04:00,1.16482,1.16492,1.164815,1.164885,-1.0,-1.0,-1
2025-08-19 18:20:00-04:00,1.164885,1.16489,1.164855,1.164875,-1.0,-1.0,-1
2025-08-19 18:21:00-04:00,1.164875,1.164905,1.16487,1.16489,-1.0,-1.0,-1
2025-08-19 18:22:00-04:00,1.16489,1.16489,1.16483,1.16483,-1.0,-1.0,-1
2025-08-19 18:23:00-04:00,1.16483,1.164835,1.16482,1.16483,-1.0,-1.0,-1
2025-08-19 18:24:00-04:00,1.16483,1.1649,1.164815,1.164885,-1.0,-1.0,-1
2025-08-19 18:25:00-04:00,1.164885,1.1649,1.164845,1.164845,-1.0,-1.0,-1
2025-08-19 18:26:00-04:00,1.164845,1.16485,1.16482,1.16485,-1.0,-1.0,-1
2025-08-19 18:27:00-04:00,1.16485,1.16485,1.16482,1.16484,-1.0,-1.0,-1
2025-08-19 18:28:00-04:00,1.16484,1.16489,1.16482,1.164825,-1.0,-1.0,-1
2025-08-19 18:29:00-04:00,1.164825,1.164835,1.16481,1.164825,-1.0,-1.0,-1
2025-08-19 18:30:00-04:00,1.164825,1.16484,1.16474,1.164775,-1.0,-1.0,-1
2025-08-19 18:31:00-04:00,1.164775,1.16488,1.164775,1.164825,-1.0,-1.0,-1
2025-08-19 18:32:00-04:00,1.164825,1.164835,1.164755,1.1648,-1.0,-1.0,-1
2025-08-19 18:33:00-04:00,1.1648,1.1648,1.16474,1.164745,-1.0,-1.0,-1
2025-08-19 18:34:00-04:00,1.164745,1.16476,1.164745,1.164755,-1.0,-1.0,-1
2025-08-19 18:35:00-04:00,1.164755,1.16476,1.16466,1.164715,-1.0,-1.0,-1
2025-08-19 18:36:00-04:00,1.164715,1.164735,1.164695,1.16472,-1.0,-1.0,-1
2025-08-19 18:37:00-04:00,1.16472,1.16473,1.164715,1.164725,-1.0,-1.0,-1
2025-08-19 18:38:00-04:00,1.164725,1.16473,1.16465,1.16465,-1.0,-1.0,-1
2025-08-19 18:39:00-04:00,1.16465,1.16465,1.164605,1.164605,-1.0,-1.0,-1
2025-08-19 18:40:00-04:00,1.164605,1.16464,1.164605,1.164615,-1.0,-1.0,-1
2025-08-19 18:41:00-04:00,1.164615,1.16463,1.164615,1.164625,-1.0,-1.0,-1
2025-08-19 18:42:00-04:00,1.164625,1.16466,1.164625,1.16465,-1.0,-1.0,-1
2025-08-19 18:43:00-04:00,1.16465,1.164665,1.164645,1.16466,-1.0,-1.0,-1
2025-08-19 18:44:00-04:00,1.16466,1.164685,1.16463,1.164685,-1.0,-1.0,-1
2025-08-19 18:45:00-04:00,1.164685,1.164685,1.164675,1.16468,-1.0,-1.0,-1
2025-08-19 18:46:00-04:00,1.16468,1.164745,1.164675,1.16474,-1.0,-1.0,-1
2025-08-19 18:47:00-04:00,1.16474,1.164755,1.164735,1.164755,-1.0,-1.0,-1
2025-08-19 18:48:00-04:00,1.164755,1.164755,1.16474,1.16475,-1.0,-1.0,-1
2025-08-19 18:49:00-04:00,1.16475,1.164855,1.16475,1.164845,-1.0,-1.0,-1
2025-08-19 18:50:00-04:00,1.164845,1.164855,1.164845,1.16485,-1.0,-1.0,-1
2025-08-19 18:51:00-04:00,1.16485,1.164875,1.164785,1.16479,-1.0,-1.0,-1
2025-08-19 18:52:00-04:00,1.16479,1.16481,1.16478,1.1648,-1.0,-1.0,-1
2025-08-19 18:53:00-04:00,1.1648,1.16481,1.16475,1.1648,-1.0,-1.0,-1
2025-08-19 18:54:00-04:00,1.1648,1.16481,1.1648,1.1648,-1.0,-1.0,-1
2025-08-19 18:55:00-04:00,1.1648,1.1648,1.1648,1.1648,-1.0,-1.0,-1
2025-08-19 18:56:00-04:00,1.1648,1.164805,1.164795,1.1648,-1.0,-1.0,-1
2025-08-19 18:57:00-04:00,1.1648,1.16485,1.1648,1.16485,-1.0,-1.0,-1
2025-08-19 18:58:00-04:00,1.16485,1.164865,1.164845,1.16485,-1.0,-1.0,-1
2025-08-19 18:59:00-04:00,1.16485,1.164865,1.16481,1.164865,-1.0,-1.0,-1
2025-08-19 19:00:00-04:00,1.164865,1.16488,1.16482,1.164845,-1.0,-1.0,-1
2025-08-19 19:01:00-04:00,1.164845,1.164845,1.16467,1.16471,-1.0,-1.0,-1
2025-08-19 19:02:00-04:00,1.16471,1.164715,1.16469,1.1647,-1.0,-1.0,-1
2025-08-19 19:03:00-04:00,1.1647,1.164705,1.16452,1.164525,-1.0,-1.0,-1
2025-08-19 19:04:00-04:00,1.164525,1.1646,1.16451,1.16451,-1.0,-1.0,-1
2025-08-19 19:05:00-04:00,1.16451,1.164525,1.164495,1.16452,-1.0,-1.0,-1
2025-08-20 17:15:00-04:00,1.16545,1.16545,1.16533,1.165355,-1.0,-1.0,-1
2025-08-20 17:16:00-04:00,1.165355,1.16536,1.16534,1.16534,-1.0,-1.0,-1
2025-08-20 17:17:00-04:00,1.16534,1.16535,1.165335,1.16534,-1.0,-1.0,-1
2025-08-20 17:18:00-04:00,1.16534,1.16536,1.16534,1.165345,-1.0,-1.0,-1
2025-08-20 17:19:00-04:00,1.165345,1.16535,1.16534,1.165345,-1.0,-1.0,-1
2025-08-20 17:20:00-04:00,1.165345,1.16537,1.165345,1.165355,-1.0,-1.0,-1
2025-08-20 17:21:00-04:00,1.165355,1.16536,1.16535,1.16535,-1.0,-1.0,-1
2025-08-20 17:22:00-04:00,1.16535,1.165375,1.16535,1.16537,-1.0,-1.0,-1
2025-08-20 17:23:00-04:00,1.16537,1.16537,1.165345,1.165345,-1.0,-1.0,-1
2025-08-20 17:24:00-04:00,1.165345,1.16538,1.165325,1.165345,-1.0,-1.0,-1
2025-08-20 17:25:00-04:00,1.165345,1.16538,1.165345,1.16538,-1.0,-1.0,-1
2025-08-20 17:26:00-04:00,1.16538,1.16538,1.16538,1.16538,-1.0,-1.0,-1
2025-08-20 17:27:00-04:00,1.16538,1.16539,1.16532,1.16532,-1.0,-1.0,-1
2025-08-20 17:28:00-04:00,1.16532,1.165435,1.16532,1.16542,-1.0,-1.0,-1
2025-08-20 17:29:00-04:00,1.16542,1.16542,1.1654,1.1654,-1.0,-1.0,-1
2025-08-20 17:30:00-04:00,1.1654,1.16541,1.165395,1.165405,-1.0,-1.0,-1
2025-08-20 17:31:00-04:00,1.165405,1.16541,1.16524,1.16533,-1.0,-1.0,-1
2025-08-20 17:32:00-04:00,1.16533,1.16541,1.16531,1.16535,-1.0,-1.0,-1
2025-08-20 17:33:00-04:00,1.16535,1.165405,1.16531,1.16539,-1.0,-1.0,-1
2025-08-20 17:34:00-04:00,1.16539,1.16539,1.1653,1.16532,-1.0,-1.0,-1
2025-08-20 17:35:00-04:00,1.16532,1.16537,1.165295,1.165335,-1.0,-1.0,-1
2025-08-20 17:36:00-04:00,1.165335,1.16534,1.16528,1.165305,-1.0,-1.0,-1
2025-08-20 17:37:00-04:00,1.165305,1.16532,1.165245,1.165265,-1.0,-1.0,-1
2025-08-20 17:38:00-04:00,1.165265,1.165265,1.165265,1.165265,-1.0,-1.0,-1
2025-08-20 17:39:00-04:00,1.16527,1.16527,1.165245,1.16526,-1.0,-1.0,-1
2025-08-20 17:40:00-04:00,1.16526,1.16527,1.165255,1.165265,-1.0,-1.0,-1
2025-08-20 17:41:00-04:00,1.165265,1.16527,1.165245,1.165245,-1.0,-1.0,-1
2025-08-20 17:42:00-04:00,1.165245,1.16527,1.16524,1.16524,-1.0,-1.0,-1
2025-08-20 17:43:00-04:00,1.16524,1.16527,1.16524,1.165265,-1.0,-1.0,-1
2025-08-20 17:44:00-04:00,1.165265,1.16527,1.16524,1.165265,-1.0,-1.0,-1
2025-08-20 17:45:00-04:00,1.165265,1.16527,1.16526,1.165265,-1.0,-1.0,-1
2025-08-20 17:46:00-04:00,1.165265,1.165285,1.16525,1.165285,-1.0,-1.0,-1
2025-08-20 17:47:00-04:00,1.165285,1.165285,1.165245,1.16528,-1.0,-1.0,-1
2025-08-20 17:48:00-04:00,1.16528,1.165305,1.16527,1.16528,-1.0,-1.0,-1
2025-08-20 17:49:00-04:00,1.16528,1.16529,1.165125,1.165125,-1.0,-1.0,-1
2025-08-20 17:50:00-04:00,1.16513,1.16524,1.1651,1.1651,-1.0,-1.0,-1
2025-08-20 17:51:00-04:00,1.1651,1.16513,1.1651,1.16511,-1.0,-1.0,-1
2025-08-20 17:52:00-04:00,1.16511,1.16512,1.16511,1.16512,-1.0,-1.0,-1
2025-08-20 17:53:00-04:00,1.16512,1.16512,1.16511,1.16511,-1.0,-1.0,-1
2025-08-20 17:54:00-04:00,1.16511,1.165115,1.16508,1.16509,-1.0,-1.0,-1
2025-08-20 17:55:00-04:00,1.16509,1.16517,1.16508,1.16515,-1.0,-1.0,-1
2025-08-20 17:56:00-04:00,1.16515,1.16517,1.165125,1.165125,-1.0,-1.0,-1
2025-08-20 17:57:00-04:00,1.165125,1.165165,1.165125,1.16515,-1.0,-1.0,-1
2025-08-20 17:58:00-04:00,1.16515,1.165175,1.16512,1.16515,-1.0,-1.0,-1
2025-08-20 17:59:00-04:00,1.16515,1.165305,1.16514,1.16529,-1.0,-1.0,-1
2025-08-20 18:00:00-04:00,1.16529,1.16548,1.16522,1.16548,-1.0,-1.0,-1
2025-08-20 18:01:00-04:00,1.16548,1.1656,1.165385,1.165515,-1.0,-1.0,-1
2025-08-20 18:02:00-04:00,1.165515,1.165605,1.16548,1.16548,-1.0,-1.0,-1
2025-08-20 18:03:00-04:00,1.16548,1.1655,1.16547,1.1655,-1.0,-1.0,-1
2025-08-20 18:04:00-04:00,1.1655,1.16551,1.16547,1.165485,-1.0,-1.0,-1
2025-08-20 18:05:00-04:00,1.16549,1.16549,1.165455,1.16547,-1.0,-1.0,-1
2025-08-20 18:06:00-04:00,1.16547,1.1655,1.165445,1.16547,-1.0,-1.0,-1
2025-08-20 18:07:00-04:00,1.16547,1.16548,1.165445,1.16547,-1.0,-1.0,-1
2025-08-20 18:08:00-04:00,1.16547,1.16548,1.16546,1.16547,-1.0,-1.0,-1
2025-08-20 18:09:00-04:00,1.16547,1.16547,1.165455,1.16547,-1.0,-1.0,-1
2025-08-20 18:10:00-04:00,1.16547,1.16549,1.165455,1.165455,-1.0,-1.0,-1
2025-08-20 18:11:00-04:00,1.165455,1.16547,1.165365,1.165455,-1.0,-1.0,-1
2025-08-20 18:12:00-04:00,1.165455,1.165465,1.165395,1.1654,-1.0,-1.0,-1
2025-08-20 18:13:00-04:00,1.1654,1.165405,1.165255,1.165255,-1.0,-1.0,-1
2025-08-20 18:14:00-04:00,1.165255,1.165305,1.165255,1.16528,-1.0,-1.0,-1
2025-08-20 18:15:00-04:00,1.16528,1.165325,1.165275,1.16529,-1.0,-1.0,-1
2025-08-20 18:16:00-04:00,1.16529,1.16529,1.165265,1.16527,-1.0,-1.0,-1
2025-08-20 18:17:00-04:00,1.16527,1.16537,1.16527,1.165345,-1.0,-1.0,-1
2025-08-20 18:18:00-04:00,1.165345,1.165345,1.16526,1.16534,-1.0,-1.0,-1
2025-08-20 18:19:00-04:00,1.16534,1.16535,1.16534,1.165345,-1.0,-1.0,-1
2025-08-20 18:20:00-04:00,1.165345,1.16535,1.165285,1.165295,-1.0,-1.0,-1
2025-08-20 18:21:00-04:00,1.165295,1.1653,1.16526,1.16529,-1.0,-1.0,-1
2025-08-20 18:22:00-04:00,1.16529,1.165295,1.165285,1.16529,-1.0,-1.0,-1
2025-08-20 18:23:00-04:00,1.16529,1.16531,1.16525,1.16525,-1.0,-1.0,-1
2025-08-20 18:24:00-04:00,1.16525,1.165295,1.165245,1.16527,-1.0,-1.0,-1
2025-08-20 18:25:00-04:00,1.16527,1.16531,1.16527,1.16531,-1.0,-1.0,-1
2025-08-20 18:26:00-04:00,1.16531,1.165325,1.16527,1.165275,-1.0,-1.0,-1
2025-08-20 18:27:00-04:00,1.165275,1.165325,1.165275,1.16532,-1.0,-1.0,-1
2025-08-20 18:28:00-04:00,1.16532,1.16545,1.16531,1.165445,-1.0,-1.0,-1
2025-08-20 18:29:00-04:00,1.165445,1.165455,1.165405,1.165415,-1.0,-1.0,-1
2025-08-20 18:30:00-04:00,1.165415,1.16544,1.16535,1.16544,-1.0,-1.0,-1
2025-08-20 18:31:00-04:00,1.16544,1.16544,1.165335,1.16534,-1.0,-1.0,-1
2025-08-20 18:32:00-04:00,1.16534,1.16534,1.16534,1.16534,-1.0,-1.0,-1
2025-08-20 18:33:00-04:00,1.16534,1.16534,1.165325,1.16533,-1.0,-1.0,-1
2025-08-20 18:34:00-04:00,1.16533,1.165385,1.16532,1.165375,-1.0,-1.0,-1
2025-08-20 18:35:00-04:00,1.165375,1.165375,1.16535,1.165355,-1.0,-1.0,-1
2025-08-20 18:36:00-04:00,1.165355,1.16537,1.165355,1.16536,-1.0,-1.0,-1
2025-08-20 18:37:00-04:00,1.16536,1.165375,1.165335,1.16534,-1.0,-1.0,-1
2025-08-20 18:38:00-04:00,1.16534,1.16535,1.16534,1.16535,-1.0,-1.0,-1
2025-08-20 18:39:00-04:00,1.16535,1.16535,1.16535,1.16535,-1.0,-1.0,-1
2025-08-20 18:40:00-04:00,1.16535,1.16535,1.1653,1.165315,-1.0,-1.0,-1
2025-08-20 18:41:00-04:00,1.165315,1.16533,1.16531,1.165325,-1.0,-1.0,-1
2025-08-20 18:42:00-04:00,1.165325,1.16536,1.16532,1.165355,-1.0,-1.0,-1
2025-08-20 18:43:00-04:00,1.165355,1.16536,1.16535,1.165355,-1.0,-1.0,-1
2025-08-20 18:44:00-04:00,1.165355,1.16537,1.165325,1.16533,-1.0,-1.0,-1
2025-08-20 18:45:00-04:00,1.16533,1.16533,1.16526,1.165295,-1.0,-1.0,-1
2025-08-20 18:46:00-04:00,1.165295,1.165295,1.16527,1.165285,-1.0,-1.0,-1
2025-08-20 18:47:00-04:00,1.165285,1.165295,1.165285,1.16529,-1.0,-1.0,-1
2025-08-20 18:48:00-04:00,1.16529,1.165295,1.165285,1.16529,-1.0,-1.0,-1
2025-08-20 18:49:00-04:00,1.16529,1.1653,1.16529,1.1653,-1.0,-1.0,-1
2025-08-20 18:50:00-04:00,1.1653,1.1653,1.165245,1.165265,-1.0,-1.0,-1
